0W20 SP-12X1L,128,5100
0W20 SP-4X4L,57,5100
10W40 SN - 208L,16,5100
10W40 SN/CF - BULK,30,5100
15W40 CF-4 -4X4L,4,5100
15W40 CI-4 - 208L,50,5100
15W40 CI-4 - 20L,3,5100
15W40 CI-4-4X5L,169,5100
15W40 CJ-4 - 208L,2,5100
15W40 CK-4 - 208L,4,5100
15W40 CK-4 - 4X4L,4,5100
20W50 CH-4 -208L,7,5100
20W50 CH-4 -20L,32,5100
20W50 CH-4 -4X5L,65,5100
20W50 SL - 12X1L,101,5100
5W30 SN - 12X1L,107,5100
5W30 SN - 208L,25,5100
5W30 SN - 4X4L,235,5100
5W40 SN - 4X4L,46,5100
5W40 SN-12X1L,58,5100
75W90 GL4-208L,15,5100
80W90 GL5-208L,22,5100
85W140 GL-5 -208L,21,5100
85W140 GL-5 -4X4L,90,5100
85W90 GL-5 - 4X4L,33,5100
ATF DEX III - 1X12L,2,5100
ATF DEX III - 4X4L,212,5100
BAT-KE115D31L,7,5100
BAT-KE115D31R,22,5100
BAT-KE55D23R,11,5100
BAT-KE95D31L,40,5100
BAT-KEDIN100L,3,5100
BAT-KEDIN44L,47,5100
BAT-KEDIN55L,129,5100
BAT-KEDIN74L,12,5100
BAT-KEDIN88L,38,5100
BAT-KENS60L(S),11,5100
BRAKEOIL D3 - 24X500,126,5100
BRAKEOIL D4 - 24X500,129,5100
CLNT BLUE50% EV-4X4L,5,5100
CLNT GRN 33% - 4X4L,134,5100
CLNT GRN50%-1X20L,40,5100
CLNT RED 33% - 4X4L,59,5100
CVT OIL - 12X1L,40,5100
FLUSHING OIL,64,5100
GREASE Li EP00-180kg,5,5100
GREASE Li EP2,1,5100
GREASE Li EP3,2,5100
HYDOIL - 46 AW -20L,181,5100
HYDOIL - 68 AW - 208,10,5100
HYDOIL - 68 AW - 20L,283,5100
01125N0111,1,5102
0155309241,5,5102
02117010XC,67,5102
02117245XC,18,5102
02117935XC,68,5102
04111-0C098,2,5102
04111-0D103,2,5102
04111-11026,1,5102
04111-20630,1,5102
04111-47077,1,5102
04111-54094,1,5102
04111-74592,6,5102
04152-38020,3,5102
04152-YZZA7,4,5102
04152-YZZD7,3,5102
04311-35080,1717,5102
04311-55022,3,5102
04313-60190,4,5102
04371-60060,4,5102
04375-60070,22,5102
04412-0K510,15,5102
04428-02A90,6,5102
04428-02B00,5,5102
04437-12400,4,5102
04437-60053,4,5102
04437-60081,2,5102
04438-06410,1,5102
04438-06620,5,5102
04438-42180,1,5102
04445-26141,2,5102
04445-33110,4,5102
04445-35180,2,5102
04445-50040,2,5102
04445-60050,2,5102
04445-60070,8,5102
04446-60080,1,5102
04465-05090,3,5102
04465-0K130,2,5102
04465-0K290,1,5102
04465-0K380,1,5102
04465-0K420,5,5102
04465-13050,1,5102
04465-28520,4,5102
04465-30320,1,5102
04465-30340,2,5102
04465-33121,1,5102
04465-33210,20,5102
04465-36020,8,5102
04465-37220,35,5102
04465-37340,15,5102
04465-47070,1,5102
04465-50070,1,5102
04465-52310,2,5102
04465-BZ170,2,5102
04465-YZZAB,103,5102
04465-YZZF4,92,5102
04465-YZZQ9,1,5102
04466-0K010,1,5102
04466-32030,1,5102
04466-44010,2,5102
04466-47101,1,5102
04466-60161,2,5102
04466-YZZAA,1,5102
04466-YZZAN,5,5102
04474-35100,15,5102
04478-22040,25,5102
04478-33160,2,5102
04493-0K010,1,5102
04493-60380,2,5102
04495-0K120,1,5102
04495-26250,14,5102
04495-35170,2,5102
04495-42080,1,5102
04495-60070,7,5102
04906-35140,4,5102
04945-02250,8,5102
04945-60010,1,5102
04945-60080,1,5102
04945-60090,2,5102
04946-33060,29,5102
04946-48110,2,5102
04947-02150,3,5102
04947-22050,1,5102
04947-35050,10,5102
04948-33010,13,5102
08813-80013,3,5102
08813-80100,10,5102
08821-00830,52,5102
08823-80270,48,5102
08885-02906,1,5102
08885-81936,48,5102
08886-02605,1,5102
08886-02806,58,5102
08886-80807,13,5102
08886-81250,13,5102
08886-81896,4,5102
09116-60020,3,5102
09150-60030,2,5102
11011-31080,1,5102
11011-50010,7,5102
11011-54020,5,5102
11026HG00F,2,5102
11071-31050-02,1,5102
11071-31050-03,4,5102
11115-11010,3,5102
11115-11071,2,5102
11115-13050,5,5102
11115-30032-B0,3,5102
11115-31091,2,5102
11115-51030-E0,1,5102
11115-64190-05,3,5102
11115-75010,3,5102
11115-75020,7,5102
11115-75052,10,5102
11115-75090,3,5102
11116-51030-B0,1,5102
11122-31090,9,5102
11126-15020,2,5102
11132-31010,2,5102
1115A-75010,8,5102
11176-27011,49,5102
11188-62010,1,5102
11201-75073,2,5102
112101HS3B,5,5102
11213-17010,12,5102
11213-20030,1,5102
11214-20010,2,5102
11214-31010,3,5102
11214-31070,30,5102
11214-75012,2,5102
11310-38060,2,5102
11320-30021,1,5102
11383-16010,36,5102
11410-79025,1,5102
11497-21010,19,5102
11551-31011,200,5102
11701-11030-02,2,5102
11701-30020-02,10,5102
11701-58010-02,2,5102
11701-75033-02,10,5102
11704-75033,5,5102
11705-30020,3,5102
1172030WXM,36,5102
117203WS0B,4,5102
117206N2X0,3,5102
11720EA200,30,5102
11720VJ2X0,1,5102
11801-17010,5,5102
11927VC800,1,5102
11955JA10D,7,5102
12111AD20B,121,5102
1211853F00,1,5102
12204-38010,5,5102
12261-17010,1,5102
12261-66021,4,5102
12262-20020,3,5102
12262-66030,5,5102
12273-51010,9,5102
12305-22361,1,5102
12305-22380,2,5102
12305-36040,1,5102
12309-0H071,3,5102
12361-17040,2,5102
12361-30143,2,5102
12361-31171,1,5102
12363-31040,3,5102
12371-0S020,1,5102
12371-21100,1,5102
12372-21150,2,5102
12372-22200,2,5102
12372-28280,1,5102
12372-28342,2,5102
12372-36040,2,5102
12372-36060,2,5102
13011-22221,3,5102
13011-23073,3,5102
13011-31130,6,5102
13011-55012,30,5102
13011-58090,2,5102
13011-75120,4,5102
13011-77041,37,5102
13013-13030,5,5102
13013-16280,1,5102
13041-30020-03,1,5102
13070-36011,2,5102
13101-17040-02,4,5102
13101-21040,1,5102
13101-21080,4,5102
13101-21160,1,5102
13101-22170,1,5102
13101-31030-A0,1,5102
13101-54101-02,11,5102
13101-64200-02,1,5102
13101-75200,1,5102
13103-73010,1,5102
13103-74160,1,5102
13103-75041,1,5102
13103-75120,1,5102
13103-75130,4,5102
13103-75200,4,5102
13105-54070,6,5102
13204-75070,2,5102
13251-28020-A0,167,5102
13303-50051,1,5102
13470-31014,1,5102
13506-31010,2,5102
13506-73010,54,5102
13506-75070,4,5102
13507-0E011,2,5102
13507-31010,4,5102
13523-31030,2,5102
13525-17010,3,5102
13550-0E010,1,5102
13550-75010,6,5102
13559-31030,2,5102
13559-75060,1,5102
13561-38070,1,5102
13563-75021,1,5102
13568-19046,3,5102
13568-69085,1,5102
13568-YZZ17,9,5102
13711-24011,2,5102
13711-51030,15,5102
13715-15010,2,5102
13751-46040,6,5102
13753-64490,2,5102
13819-17010,1,5102
15100-21032,1,5102
15100-27030,1,5102
15100-28040,5,5102
15100-44020,279,5102
15100-70030,1,5102
15100-97401,1,5102
15103-0C020,2,5102
15103-38060,2,5102
15104-22023,1,5102
15115-31040,1,5102
15147-46010,1,5102
15188-38030,1,5102
15188-74050,7,5102
15193-36010,11,5102
15330-46011,7,5102
15407-67010,2,5102
15620-36020,67,5102
15620-37010,2,5102
15650-38010,2,5102
15678-28010,1,5102
15678-31010,32,5102
15710-31090,7,5102
16031-24011,2,5102
16031-31011,1,5102
16100-29085,1,5102
16100-39436,2,5102
16110-19106,20,5102
16210-66020,1,5102
16261-48040,15,5102
16261-50090,1,5102
16264-66030,1,5102
16307-64022,2,5102
16321-0W010,4,5102
16331-13100,7,5102
16363-0A150,19,5102
16363-0V370,4,5102
16363-20270,3,5102
16363-75020,1,5102
16401-31822,22,5102
16401-67150,14,5102
16405-22060,1,5102
16546JK20B,54,5102
16546JR50A,4,5102
16571-31180,1,5102
16571-38101,1,5102
16572-25010,1,5102
16572-31390,2,5102
16577-22H01,2,5102
16593-25030,1,5102
16601-28050,1,5102
16603-0W010,1,5102
16603-31040,2,5102
16620-0W093,2,5102
16620-31013,3,5102
16711-0N041,1,5102
16711-0V200,20,5102
16711-28300,4,5102
16711-66020,1,5102
17109-31015,1,5102
17176-31130,1,5102
17341-67010,1,5102
17378-51010,2,5102
17451-67010,10,5102
17630-16040,2,5102
17801-0Y070,3,5102
17801-11090,3,5102
17801-30050,81,5102
17801-54100-8T,16,5102
17801-64010,4,5102
17801-BZ150,1,5102
19145-26060,20,5102
19850-17020,2,5102
19850-26010,6,5102
19850-58010,2,5102
19850-67030,20,5102
21304JA11A,11,5102
214104CG0A,1,5102
2150801G02,4,5102
22100-0E020,1,5102
22104-6A290,1,5102
22104-6A640,7,5102
22176-54020,1,5102
22204-22010,1,5102
22271-21060,9,5102
22271-75031,8,5102
224015M014,10,5102
22401ED71B,1,5102
22401JA01B,12,5102
22602-56350,3,5102
226807S00A,16,5102
22790-17840,3,5102
23030-79035,23,5102
23100-BZ220,115,5102
23220-0C211,13,5102
23220-31430,1,5102
23239-21010,1,5102
23270-28052,1,5102
23300-21010,8,5102
23300-31110,1,5102
23380-17431,2,5102
23390-52060,1,5102
23600-59325,2,5102
23670-29105,1,5102
23681-17010,20,5102
23703-51010,2,5102
27357-17080,2,5102
27370-75060,2,5102
27444-21190,5,5102
28100-31141,1,5102
28140-0L260,3,5102
28142-70020,10,5102
3050269F1A,1,5102
31204-20071,2,5102
31204-35050,1,5102
31210-12053,1,5102
31210-22101,10,5102
31230-60260,1,5102
31250-05021,1,5102
31250-33032,3,5102
31250-35374,14,5102
31250-52080,4,5102
31250-60452,2,5102
31401-60060,4,5102
31410-60432,2,5102
31410-60591,3,5102
31420-60051,5,5102
31470-0K051,1,5102
33037-35030,1,5102
33049-60010,4,5102
3314233G10,31,5102
33309-60041,2,5102
33346-0K020,4,5102
33362-60031,1,5102
33364-60070,2,5102
33365-35021,5,5102
33366-35041,19,5102
33368-35090,1,5102
33391-52020,1,5102
33394-36020,2,5102
33403-39325,1,5102
33421-26110,1,5102
33506-35110,2,5102
34263-32010,1,5102
35151-33161,1,5102
35168-33080,3,5102
35168-B1020,2,5102
35330-08010,3,5102
35330-0W080,8,5102
35330-0W090,2,5102
35330-20012,1,5102
35330-48020,3,5102
35330-48040,3,5102
35469-0K050,9,5102
35682-73020,9,5102
35693-73010,5,5102
35743-33040,2,5102
36221-60090,1,5102
37230-36131,5,5102
383421LB0A,1,5102
41231-40011,4,5102
41651-30070,1,5102
41651-50130,1,5102
41653-24050,1,5102
41654-60010,1,5102
42321-36060,2,5102
42323-60030,128,5102
42410-69026,1,5102
42423-20010,1,5102
42423-34040,4,5102
42423-60020,1,5102
42423-60030,2,5102
42430-39145,2,5102
42450-60050,1,5102
42450-60070,1,5102
42601-60612,15,5102
42602-06130,23,5102
42602-0D380,15,5102
42611-12A10,2,5102
43204-60032,4,5102
43330-39165,1,5102
43330-39506,1,5102
43330-39835,4,5102
43401-60100,1,5102
43502-60190,3,5102
43512-0K070,1,5102
43512-0K090,5,5102
43512-47040,2,5102
43512-60151,2,5102
43550-0D050,2,5102
44140JA01A,3,5102
44310-26390,2,5102
44320-35610,1,5102
44320-60220,2,5102
44348-26250,1,5102
44348-33070,1,5102
44348-60290,1,5102
44348-60350,2,5102
44410-60751,1,5102
45046-29456,2,5102
45046-69135,42,5102
45047-69146,6,5102
45070-36030,2,5102
45203-60090,1,5102
45254-28040,5,5102
45260-60100,2,5102
45292-35050,9,5102
45460-39635,1,5102
45490-39195,2,5102
45490-39456,1,5102
45503-19125,2,5102
45503-29836,13,5102
45503-69015,2,5102
45535-0C030,1,5102
45535-13010,2,5102
45535-22080,3,5102
45535-24040,1,5102
45535-69025,4,5102
45619-14020,4,5102
46410-60830,10,5102
46410-60850,16,5102
46420-42070,2,5102
46420-60030,1,5102
46430-35571,2,5102
46530-30021,3,5102
46540-48010,4,5102
46540-60050,2,5102
46550-60060,5,5102
46580-60050,2,5102
47050-60043,1,5102
47062-60290,3,5102
47201-60720,1,5102
47447-20030,3,5102
47491-20011,1,5102
47510-36180,1,5102
47547-60020,2,5102
47550-37113,1,5102
47560-37083,1,5102
47634-60010,1,5102
47715-22080,10,5102
47716-33110,5,5102
47730-0K071,2,5102
47730-48130,1,5102
47730-60280,4,5102
47743-33340,20,5102
47748-60280,1,5102
48046-60100,6,5102
48061-60040,1,5102
48068-05080,2,5102
48068-33070,1,5102
48069-08040,1,5102
48069-42060,1,5102
48069-59135,4,5102
48090-35011,1,5102
48157-42030,1,5102
48157-48030,1,5102
48198-0K030,7,5102
48198-32040,2,5102
48198-60021,1,5102
48212-6A040,2,5102
48231-60E10,1,5102
48231-6B040,1,5102
48289-60010,2,5102
48306-0K040,4,5102
48306-37030,1,5102
48331-12210,3,5102
48331-26140,1,5102
48409-60020,6,5102
48510-09R30,1,5102
48510-69645,1,5102
48510-A9280,18,5102
48511-12290,20,5102
48511-80165,1,5102
48520-8Z059,2,5102
48530-49215,1,5102
48530-59335,2,5102
48530-69516,2,5102
48531-0K070,10,5102
48536-60010,24,5102
48540-09590,1,5102
48602-39025,5,5102
48609-13010,2,5102
48609-42040,1,5102
48632-60010,2,5102
48632-60030,3,5102
48654-0K040,2,5102
48654-50010,5,5102
48654-60020,2,5102
48654-60030,4,5102
48655-0K040,2,5102
48655-0K090,7,5102
48655-33040,2,5102
48655-34010,1,5102
48655-36010,2,5102
48702-60120,2,5102
48710-42030,1,5102
48710-48080,1,5102
48725-12590,2,5102
48740-60150,1,5102
48760-48040,1,5102
48770-42040,4,5102
48810-60051,2,5102
48815-02230,2,5102
48815-10090,8,5102
48815-26120,4,5102
48815-26370,3,5102
48815-28010,1,5102
48815-33040,7,5102
48815-33090,30,5102
48815-33101,2,5102
48815-42040,10,5102
48815-42140,2,5102
48815-48080,1,5102
48815-50112,4,5102
48815-50151,4,5102
48815-50200,2,5102
48815-52140,2,5102
48815-60241,22,5102
48815-60260,2,5102
48815-60380,26,5102
48818-06300,1,5102
48818-12160,1,5102
48818-20260,1,5102
48818-48010,1,5102
48818-48021,10,5102
48818-60020,2,5102
48818-60030,20,5102
48820-26051,1,5102
48820-60050,17,5102
48820-60071,9,5102
48849-60041,1,5102
48910-60021,1,5102
51442-33070,1,5102
52025-60050,1,5102
52030-58010,1,5102
52112-0K230,1,5102
52112-78060,5,5102
52114-06280,7,5102
52115-35153,1,5102
52115-60071,2,5102
52119-60988,3,5102
52127-12903,58,5102
52130-0K021,4,5102
52156-60070,1,5102
52164-0K030,1,5102
52201-60050,2,5102
52203-60090,1,5102
52207-60040,1,5102
52209-60020,3,5102
52217-60060,5,5102
52217-60070,2,5102
52437-42901,1,5102
52512-35100-A0,1,5102
52534-0K040,4,5102
52536-42070,3,5102
52563-60040,1,5102
53111-60600,1,5102
53122-0K190,1,5102
53122-0K390,5,5102
53207-36090,7,5102
53285-42931,1,5102
53420-42140,2,5102
53450-0W071,2,5102
53455-14020,3,5102
53630-42100,2,5102
53630-60010,4,5102
53801-33200,1,5102
53801-60D50,1,5102
53802-12A80,3,5102
53885-60030,13,5102
53886-35020,3,5102
54613JK06C,11,5102
55447-60030-C0,106,5102
55962-36020-B0,25,5102
56115-30100-1,55,5102
56116-22050,2,5102
56121-60140,4,5102
61684-60020,24,5102
61698-12905,3,5102
63848VD24A,20,5102
64607-06240,1,5102
64607-12790,1,5102
64610-02050,2,5102
67620-90304,1,5102
67771-12050-1,5,5102
67862-60110,4,5102
67867-12150,2,5102
67881-60040,2,5102
68151-60032,1,5102
68152-60050,2,5102
68172-02140,13,5102
68172-60060,2,5102
68174-60050,1,5102
68180-52100,1,5102
68220-90K00,2,5102
68310-26020,1,5102
68390-26040,1,5102
68610-33091,1,5102
68617-20011,1,5102
68620-60112,1,5102
68710-12151,2,5102
68750-60090,5,5102
68760-60090,7,5102
68780-60060,8,5102
68801-60030,1,5102
69005-6C461,1,5102
69202-06050,4,5102
69210-33070,1,5102
69230-26070,5,5102
69230-60071,1,5102
69278-60010-03,4,5102
69350-60061,1,5102
69410-87001,1,5102
69820-60310,1,5102
74453-60060,1,5102
74612-60131-B0,5,5102
75077-60050,3,5102
75301-12380,1,5102
75311-33100,2,5102
75311-33130,1,5102
75442-60180,1,5102
75444-12B20,2,5102
75547-51021,4,5102
75561-60031,1,5102
75710-33140,1,5102
75710-60070,20,5102
75720-60070,27,5102
75721-60061,1,5102
75730-60050,17,5102
75732-33110-A0,2,5102
75740-60031,1,5102
75741-0K903,2,5102
76180-35031-A0,1,5102
77020-0K050,1,5102
77020-0K150,2,5102
77020-33511,1,5102
77024-12170,2,5102
77024-33340,48,5102
77024-35070,1,5102
77024-50021,6,5102
77201-33282,4,5102
77300-12020,2,5102
77300-60010,5,5102
77350-12410,4,5102
77601-60230,1,5102
77651-0D070,25,5102
807211CA0C,1,5102
81106-0K010,41,5102
81111-20280,1,5102
81130-36610,1,5102
81130-60C82,2,5102
81131-52010,1,5102
81166-48020,39,5102
81170-0K370,1,5102
81170-47181,1,5102
81193-12050,2,5102
81194-48030,5,5102
81270-60201,2,5102
81278-95J07,1,5102
81551-90K09,10,5102
81555-13510,4,5102
81561-90K09,3,5102
81581-30490,1,5102
81730-51011,2,5102
81731-17051,3,5102
81910-48020,1,5102
82214-60050,2,5102
82662-06170,1,5102
82823-22050,1,5102
83320-0K010,5,5102
83710-90K06,4,5102
83852-6D660,1,5102
84210-52010,1,5102
84250-33190-C0,3,5102
84306-60080,2,5102
85044-33090-A0,1,5102
85044-60090-A2,15,5102
85212-36030,1,5102
85212-60032,2,5102
85214-50100,4,5102
85214-78020,1,5102
85222-53071,1,5102
85241-60110,4,5102
85321-30080,23,5102
85330-36160,1,5102
85330-71010,2,5102
85349-89122,3,5102
85381-12060,1,5102
85530-42010,1,5102
85535-33060,15,5102
85720-50080,1,5102
86392-35032,1,5102
86510-50170,2,5102
86520-26200,7,5102
87103-33170,6,5102
87138-90K00,1,5102
87139-30110,7,5102
87139-YZZ25,1,5102
87915-60050-C0,1,5102
87930-60090,1,5102
87931-0F120,1,5102
87961-60B00,1,5102
87961-60B20,2,5102
88410-33150,1,5102
88501-12500,9,5102
88561-BZ440,1,5102
88710-06360,1,5102
88718-1E150,9,5102
88719-33020,1,5102
89170-50170,1,5102
89173-59335,5,5102
89293-60081,1,5102
89348-71010-A1,8,5102
89407-60040,1,5102
89422-20010,1,5102
89465-33360,1,5102
89467-71020,1,5102
89491-36080,6,5102
89491-60100,3,5102
89542-60050,1,5102
89543-60050,2,5102
89871-25010,1,5102
89904-20030,50,5102
89904-48E90,6,5102
89960-42100,2,5102
90080-19017,1,5102
90080-36217,3,5102
90084-98062,20,5102
90099-33080,5,5102
90101-08082,4,5102
90105-11044,2,5102
90105-11H00,5,5102
90105-17003,8,5102
90113-10003,10,5102
90116-10171,1,5102
90117-14052,2,5102
90117-14181,4,5102
90119-10205,1,5102
90119-12312,46,5102
90119-12314,20,5102
90119-14062,2,5102
90126-10014,2,5102
90170-12004,7,5102
90170-14026,31,5102
90170-20003,8,5102
90171-28006,9,5102
90178-11001,11,5102
90178-16007,1,5102
90178-T0081,100,5102
90179-10128,1,5102
90179-15006,2,5102
90189-06029,1,5102
90201-10075,35,5102
90201-11013,81,5102
90201-11034,2,5102
90210-06010,59,5102
90210-08020,30,5102
90214-42030,44,5102
90301-21017,2,5102
90301-34004,2,5102
90301-40008,6,5102
90301-43002,4,5102
90301-T0014,42,5102
90304-80002,2,5102
90310-25013,73,5102
90310-26023,10,5102
90310-35010,42,5102
90310-38033,14,5102
90310-50006,199,5102
90310-58004,2,5102
90311-12002,14,5102
90311-32012,2,5102
90311-32022,12,5102
90311-34023,1,5102
90311-34044,6,5102
90311-34045,5,5102
90311-34047,10,5102
90311-35017,10,5102
90311-35056,3,5102
90311-38032,1,5102
90311-38068,1,5102
90311-40038,1,5102
90311-40041,1,5102
90311-40048,9,5102
90311-41017,5,5102
90311-41020,5,5102
90311-42045,2,5102
90311-42048,6,5102
90311-47026,2,5102
90311-47027,1,5102
90311-48022,11,5102
90311-48023,1,5102
90311-50005,13,5102
90311-50044,3,5102
90311-50058,2,5102
90311-54006,6,5102
90311-76002,20,5102
90311-89010,5,5102
90311-89014,1,5102
90311-89015,8,5102
90311-99020,1,5102
90311-T0098,2,5102
90312-96001,4,5102
90339-16001,1,5102
90341-10011,3,5102
90341-12012,10,5102
90361-07013,10,5102
90363-12018,4,5102
90363-12020,1,5102
90363-12024,100,5102
90363-25035,3,5102
90363-40022,2,5102
90365-34005,1,5102
90366-35096,1,5102
90366-35105,10,5102
90366-62004,10,5102
90368-49084,1,5102
90369-40009,20,5102
90369-T0003,1,5102
90369-T0007,2,5102
90385-11003,60,5102
90385-18068,4,5102
90385-19003,10,5102
90385-19006,2,5102
90385-23002,3,5102
90385-T0014,10,5102
90386-18002,1,5102
90387-10162,4,5102
90389-18002,40,5102
90430-12026,52,5102
90430-12031,120,5102
90430-35001,3,5102
90440-17021,1,5102
90445-17128,2,5102
90445-17140,1,5102
90467-07195,3,5102
90467-09050,1,5102
90480-13005,34,5102
90504-49001,8,5102
90520-99158,55,5102
90561-10020,1,5102
90904-30006,4,5102
90910-02112,4,5102
90910-02121,4,5102
90910-02181,18,5102
90913-02088,14,5102
90913-02089,4,5102
90913-02090,28,5102
90913-02101,14,5102
90913-02113,1,5102
90916-02059,2,5102
90916-02209-8T,40,5102
90916-02523,5,5102
90916-02566,49,5102
90916-02606,3,5102
90916-02679,3,5102
90916-03129,2,5102
90916-03144,23,5102
90917-11022,11,5102
90919-01220,19,5102
90919-01243,29,5102
90919-01287,2,5102
90919-02258,2,5102
90919-YZZAD,6,5102
90919-YZZAF,20,5102
90942-01103,5,5102
90942-01109,26,5102
90942-02072,20,5102
90942-02083,100,5102
90947-02905,12,5102
90947-02F53,28,5102
90948-01096,1,5102
90948-03024,10,5102
90975-02127,1,5102
90981-13075,10,5102
90981-17022,17,5102
90982-09016,1,5102
90982-09025,11,5102
90999-73135,4,5102
91552-L1480,1,5102
93520-54010,1,5102
94151-21401,6,5102
94512-00800,8,5102
95381-04045,15,5102
96711-24019,1,5102
96721-24015,17,5102
96721-24020,6,5102
96761-24040,2,5102
99132-12100-1,25,5102
99366-C2200,10,5102
99366-H1840,4,5102
99367-H2120,15,5102
A3270JK20A,2,5102
A3270JK20B,1,5102
B2401JA01JNW,172,5102
0145100841,50,5104
0151500Q0C,30,5104
0155301A50,50,5104
0155309241,10,5104
015532109E,49,5104
02117245XC,969,5104
02117935XC,119,5104
04111-0C098,32,5104
04111-0C210,32,5104
04111-0D103,13,5104
04111-0E042,5,5104
04111-0L085,3,5104
04111-17020,9,5104
04111-17041,27,5104
04111-17060,26,5104
04111-17110,54,5104
04111-17140,7,5104
04111-21353,4,5104
04111-21372,3,5104
04111-22513,3,5104
04111-22701,6,5104
04111-22842,21,5104
04111-22912,5,5104
04111-23050,1,5104
04111-25241,24,5104
04111-28133,8,5104
04111-28824,19,5104
04111-28884,5,5104
04111-30579,7,5104
04111-30601,6,5104
04111-30659,1,5104
04111-36126,14,5104
04111-36174,13,5104
04111-38291,7,5104
04111-47077,69,5104
04111-50410,19,5104
04111-51032,8,5104
04111-51045,1,5104
04111-51051,3,5104
04111-54094,4,5104
04111-54321,3,5104
04111-54600,2,5104
04111-58061,6,5104
04111-66047,3,5104
04111-67023,7,5104
04111-74641,2,5104
04111-75102,8,5104
04111-75A32,10,5104
04111-75E00,1,5104
04112-31741,2,5104
04152-31090,100,5104
04152-51010,19,5104
04152-YZZA5,366,5104
04152-YZZD7,284,5104
04311-26050,6,5104
04311-55022,2,5104
04311-60100,2,5104
04311-60180,91,5104
04313-22030,8,5104
04313-28020,15,5104
04331-60160,1,5104
04362-60080,6,5104
04371-04031,70,5104
04371-04080,4,5104
04371-0K120,6,5104
04371-27011,2,5104
04371-36080,15,5104
04371-60051,7,5104
04371-60060,24,5104
04371-60210,21,5104
04371-60221,19,5104
04423-33060,9,5104
04427-02630,18,5104
04427-06540,46,5104
04427-0C020,52,5104
04427-52897,9,5104
04427-60093,9,5104
04427-60121,78,5104
04427-60142,9,5104
04428-06411,59,5104
04428-0W030,15,5104
04428-35012,14,5104
04428-78031,10,5104
04434-60080,1,5104
04437-06220,7,5104
04437-0K021,23,5104
04437-12400,12,5104
04437-60053,101,5104
04437-60081,19,5104
04437-78011,9,5104
04438-06620,40,5104
04438-42180,77,5104
04438-78011,2,5104
0443C-37051,14,5104
04445-06050,17,5104
04445-0K131,3,5104
04445-33110,1,5104
04445-35120,15,5104
04445-35130,18,5104
04445-60050,48,5104
04445-60070,64,5104
04445-60080,3,5104
04446-06060,5,5104
04446-10021,2,5104
04446-20031,6,5104
04446-30173,30,5104
04446-53030,3,5104
04446-60070,5,5104
04446-60080,2,5104
04465-02391,94,5104
04465-02470,4,5104
04465-04070,2,5104
04465-06090,30,5104
04465-0D150,103,5104
04465-0K020,134,5104
04465-0K110,110,5104
04465-0K190,31,5104
04465-0K220,3,5104
04465-0K340,165,5104
04465-0K360,174,5104
04465-0K380,89,5104
04465-0K431,111,5104
04465-0T010,11,5104
04465-0W141,2,5104
04465-12592,30,5104
04465-12630,19,5104
04465-30500,2,5104
04465-33050,2,5104
04465-33450,242,5104
04465-35320,5,5104
04465-42180,158,5104
04465-42200,455,5104
04465-47030,215,5104
04465-47100,57,5104
04465-48170,36,5104
04465-48220,35,5104
04465-50260,34,5104
04465-52200,76,5104
04465-52260,5,5104
04465-52310,2,5104
04465-53040,29,5104
04465-60030,5,5104
04465-60220,7,5104
04465-60340,63,5104
04465-F4010,10,5104
04465-YZZJ5,13,5104
04465-YZZJ6,12,5104
04465-YZZJ7,9,5104
04465-YZZJ9,3,5104
04465-YZZT4,53,5104
04466-02410,11,5104
04466-02430,23,5104
04466-06030,3,5104
04466-0K010,234,5104
04466-0T010,8,5104
04466-22190,13,5104
04466-30282,46,5104
04466-30312,18,5104
04466-32030,9,5104
04466-33200,256,5104
04466-44010,14,5104
04466-48060,9,5104
04466-50130,39,5104
04466-53010,11,5104
04466-58010,178,5104
04466-60090,1,5104
04466-60161,29,5104
04466-YZZAX,24,5104
04466-YZZAY,10,5104
04466-YZZBA,8,5104
04466-YZZBC,3,5104
04466-YZZBF,7,5104
04478-0K130,4,5104
04478-12110,2,5104
04478-48190,9,5104
04478-60080,8,5104
04479-02310,3,5104
04479-35010,4,5104
04479-48120,2,5104
04479-60270,3,5104
04483-0K050,1,5104
04484-60110,7,5104
04484-60130,33,5104
04493-60380,98,5104
04493-60390,20,5104
04495-0K060,20,5104
04495-0K140,12,5104
04495-26240,328,5104
04495-33010,17,5104
04495-35170,3,5104
04495-35230,3,5104
04495-52150,5,5104
04495-60070,231,5104
04562-12010,6,5104
04905-36140,10,5104
04906-36170,19,5104
04906-36181,32,5104
04942-0K070,1,5104
04942-0K080,13,5104
04942-26010,14,5104
04943-0K110,8,5104
04943-12010,5,5104
04945-30350,9,5104
04945-33260,8,5104
04945-33300,5,5104
04945-35120,2,5104
04945-42060,31,5104
04945-48150,13,5104
04945-60080,25,5104
04945-60090,58,5104
04946-30100,7,5104
04946-33060,27,5104
04946-33070,17,5104
04946-48110,4,5104
04946-60141,5,5104
04947-08040,2,5104
04947-0K010,69,5104
04947-0K100,26,5104
04947-35050,12,5104
04947-47010,1,5104
04947-48050,1,5104
04947-50130,1,5104
04947-60090,18,5104
04947-60100,2,5104
04947-60140,17,5104
04947-60150,1,5104
04948-33010,2,5104
04948-48070,3,5104
08813-80020,160,5104
08813-80100,700,5104
08814-80070,68,5104
08816-03001,10,5104
08821-00830,43,5104
08826-00080,18,5104
08880-83324,100,5104
08885-01806,15,5104
08885-03106,4712,5104
08885-81936,434,5104
08886-00705,3146,5104
08886-02605,8,5104
08886-02905,625,5104
08886-81885,2,5104
08886-81886,2008,5104
08886-81896,916,5104
08886-81905,1972,5104
089129421A,236,5104
09114-0K010,3,5104
09114-60090,1,5104
09150-60030,5,5104
09155-74010,9,5104
11011-0C010,317,5104
11011-0L020,20,5104
11011-30010,7,5104
11011-31080,3,5104
11011-38050,9,5104
11011-50010,32,5104
11011-54020,126,5104
11011-75020,1,5104
11062ED01A,8,5104
11071-31050-01,12,5104
11071-31050-02,49,5104
11071-31050-03,28,5104
11071-31060-B2,32,5104
11071-38010-D5,2,5104
11071-38010-E5,21,5104
11071-50021-01,33,5104
11071-51010-02,100,5104
11071-51010-04,14,5104
11115-11010,63,5104
11115-15090,9,5104
11115-20042,5,5104
11115-22050,188,5104
11115-27011-B0,5,5104
11115-28H10,25,5104
11115-30032-C0,4,5104
11115-30032-D0,5,5104
11115-31041,5,5104
11115-31080,8,5104
11115-35022,1,5104
11115-35060,5,5104
11115-36031,20,5104
11115-38021,55,5104
11115-50070,13,5104
11115-50080,9,5104
11115-51030-D0,2,5104
11115-54130-F0,2,5104
11115-58110,15,5104
11115-62081,11,5104
11115-64141-03,2,5104
11115-64170-B0,8,5104
11115-64190-03,2,5104
11115-64200-03,4,5104
11115-74060,13,5104
11115-74110,5,5104
11115-75070,12,5104
11115-79015,45,5104
11115-B1030,9,5104
11116-20051,10,5104
11116-31011,7,5104
11116-31071,6,5104
11116-38010,53,5104
11116-51030-A0,3,5104
11116-51030-B0,13,5104
11116-51030-E0,25,5104
11116-62081,16,5104
11122-16020,33,5104
11122-22040,34,5104
11122-31090,76,5104
11122-47010,27,5104
11122-66020,57,5104
11176-0L011,62,5104
11176-27011,403,5104
11176-30011,136,5104
11177-54020,180,5104
11177-64010,212,5104
11188-62010,1,5104
11193-15010,3,5104
11201-75055,1,5104
11213-0D020,118,5104
11213-0M010,73,5104
11213-15050,5,5104
11213-20020,113,5104
11213-20030,147,5104
11213-23020,8,5104
11213-23030,23,5104
11213-28021,42,5104
11213-28041,85,5104
11213-30021,9,5104
11213-30040,49,5104
11213-31030,83,5104
11213-36020,5,5104
11213-38030,3,5104
11213-50021,10,5104
11213-62020,14,5104
11213-66021,35,5104
11213-74020,19,5104
11213-75041,829,5104
11213-88400,3,5104
11214-20010,6,5104
11214-31010,2,5104
11214-31020,36,5104
11214-31070,23,5104
11214-38020,55,5104
11214-51010,13,5104
11214-75012,8,5104
11214-88560,1,5104
112201J50A,1,5104
112203XA0B,8,5104
11220JA10A,6,5104
11220JK31B,8,5104
11220JR50C,16,5104
11253-60010,4,5104
11310-31014,4,5104
11310-75074,57,5104
11310-75090,2,5104
11312-54021,10,5104
113203XA0A,8,5104
11320-67010,8,5104
113209N00A,5,5104
11322-17030,1,5104
11328-88600,8,5104
11329-75021,5,5104
11400-51020,4,5104
11400-75381,1,5104
11400-7U010,2,5104
11444-67020,50,5104
11496-36010,6,5104
11701-11030-02,1,5104
11701-17011-02,92,5104
11701-17011-04,105,5104
11701-22011-01,1,5104
11701-30020-02,85,5104
11701-30020-03,8,5104
11701-30020-05,8,5104
11701-30030-04,1,5104
11701-31080-02,117,5104
11701-31080-03,49,5104
11701-31100-B2,11,5104
11701-46020-04,3,5104
11701-51020-02,3,5104
11701-54081-02,50,5104
11701-66031-04,39,5104
11701-75033-02,418,5104
11701-75033-03,54,5104
11704-30020,18,5104
11704-75033,19,5104
11705-17011,34,5104
11705-30020,6,5104
11711-36050-02,12,5104
1172030WXM,47,5104
1172043GXA,19,5104
11721-36050-02,9,5104
11791-22020,5,5104
11791-28020,13,5104
11811-31021,17,5104
119202Y501,223,5104
1192060UXA,31,5104
119208N2X0,78,5104
1192585G0A,10,5104
1194503G0A,20,5104
1195067SX1,41,5104
11950VB20A,39,5104
1203003J01,44,5104
1203031U61,10,5104
1203040F0A,100,5104
1203306J11,21,5104
12033EN20B,9,5104
12101-36040,12,5104
12102-31051,18,5104
12102-31070,2,5104
12102-38010,10,5104
1211731U10,144,5104
12117EA200,1,5104
12117JK20A,28,5104
12180-21010,1,5104
12195-46011,10,5104
12204-15050,46,5104
12204-20040,10,5104
12204-21011,1,5104
12204-22051,2,5104
12204-35040,2,5104
12204-50020,1,5104
12204-74030,14,5104
1220831U00,19,5104
12215BC20A,7,5104
12215CK800,22,5104
12261-17010,62,5104
12261-28110,9,5104
12261-31170,6,5104
12261-37040,9,5104
1226140F00,10,5104
12261-75100,3,5104
12262-31030,3,5104
12262-38030,10,5104
12262-50060,57,5104
12262-50080,22,5104
12262-74050,2,5104
12263-46010,23,5104
12273-51010,2,5104
12303-54041,1,5104
12303-54071,3,5104
12303AD201,4,5104
12305-0C030,50,5104
12305-0M132,7,5104
12305-0Y110,18,5104
12305-21220,61,5104
12305-22380,4,5104
12305-31020,7,5104
12305-36110,28,5104
12305-37070,97,5104
12306-75040,15,5104
12309-28161,173,5104
12309-31080,12,5104
12315JF70A,42,5104
12360-0P021,23,5104
12360-20090,11,5104
12361-0D040,31,5104
12361-0H060,135,5104
12361-0L021,34,5104
12361-17011,3,5104
12361-22090,20,5104
12361-28221,35,5104
12361-31081,31,5104
12361-31171,12,5104
12361-31201,1,5104
12361-31240,22,5104
12361-36150,1,5104
12361-38210,15,5104
12361-38281,57,5104
12361-50121,24,5104
12361-51030,36,5104
12361-54250,4,5104
12361-66020,69,5104
12361-67030,7,5104
12361-75100,44,5104
12362-31040,9,5104
12362-31080,9,5104
12363-0P020,48,5104
12363-0V080,5,5104
12363-31020,8,5104
12363-31060,14,5104
12363-36070,95,5104
12371-0C091,14,5104
12371-0C200,10,5104
12371-0S020,80,5104
12371-0T181,3,5104
12371-21041,7,5104
12371-21100,3,5104
12371-21250,14,5104
12371-22130,1,5104
12371-22140,2,5104
12371-22240,5,5104
12371-22250,4,5104
12371-25060,1,5104
12371-36100,31,5104
12371-36130,1,5104
12371-38060,1,5104
12371-51070,4,5104
12371-66020,6,5104
12371-75050,7,5104
12371-BZ170,10,5104
12372-0M160,36,5104
12372-21330,2,5104
12372-22200,39,5104
12372-37010,2,5104
13011-11122,3,5104
13011-11201,6,5104
13011-16300,1,5104
13011-22150,2,5104
13011-30150,3,5104
13011-31130,8,5104
13011-31200,6,5104
13011-37090,24,5104
13011-38120,4,5104
13011-47031,5,5104
13011-50141,2,5104
13011-54062,6,5104
13011-54100,52,5104
13011-55012,41,5104
13011-58051,2,5104
13011-58090,1,5104
13011-71033,9,5104
13011-75030,11,5104
13013-17030,24,5104
13013-30051,10,5104
13013-75090,3,5104
13028JF00A,43,5104
13041-17011-02,108,5104
13041-17011-04,38,5104
13041-17011-05,18,5104
13041-20011-02,14,5104
13041-21030-02,10,5104
13041-26020-02,1,5104
13041-30020-02,29,5104
13041-31090-02,34,5104
13041-31090-04,1,5104
13041-31100-01,28,5104
13041-31100-02,44,5104
13041-37010-02,1,5104
13041-37030-02,1,5104
13041-38060-02,41,5104
13041-38060-03,16,5104
13041-38060-06,3,5104
13041-38070-02,216,5104
13041-47012-03,3,5104
13041-50031-03,4,5104
13041-51021-01,14,5104
13041-58050-02,40,5104
13041-66031-03,62,5104
13041-66031-04,7,5104
13041-74041-02,22,5104
13041-75010-02,10,5104
13041-75022-04,3,5104
13041-75070-04,540,5104
13050-20011,1,5104
13050-28012,9,5104
13050-31170,39,5104
13050-31190,7,5104
1305031U00,98,5104
13050-46010,11,5104
13070-75010,3,5104
13101-0C020,8,5104
13101-0E010-02,2,5104
13101-11180-02,3,5104
13101-17010-02,3,5104
13101-21040,15,5104
13101-21080,133,5104
13101-23020,59,5104
13101-30102-02,16,5104
13101-30200-02,15,5104
13101-31030-A0,13,5104
13101-31030-B0,171,5104
13101-31120-A0,24,5104
13101-37081,107,5104
13101-47021,8,5104
13101-50082-02,1,5104
13101-54070-02,4,5104
13103-23020,8,5104
13103-30102,5,5104
13103-75120,50,5104
13201-30051,1,5104
13201-38030,9,5104
13201-66020,16,5104
13204-17011,12,5104
13204-30020,11,5104
13204-30030,2,5104
13204-54042,3,5104
13204-66031,3,5104
13204-75070,14,5104
1320795F0B,30,5104
13251-28020-A0,4,5104
13251-28020-B0,21,5104
13265-22031,69,5104
13265-22040,35,5104
132700M301,8,5104
132701CA0B,8,5104
1327031U02,38,5104
132704M500,80,5104
1327070F01,18,5104
132708H301,101,5104
132708J112,168,5104
132708P311,13,5104
13270AU300,6,5104
13270EN200,134,5104
13270JG30A,42,5104
132714M501,464,5104
1327170F00,18,5104
13271EY00A,61,5104
13281-28011-02,18,5104
13281-36021-02,11,5104
13303-50051,14,5104
13401-0E010,7,5104
13401-38010,10,5104
13405-31081,3,5104
13405-75060,22,5104
13408-17020,11,5104
13470-66030,10,5104
13501-17010,2,5104
13502-30050,5,5104
13503-54030,5,5104
13503-62030,15,5104
13505-17011,4,5104
13505-50030,44,5104
13506-0T130,25,5104
13506-31010,52,5104
13506-36010,4,5104
13506-37090,3,5104
13506-75050,5,5104
13506-75070,40,5104
13507-0C010,10,5104
13507-28010,9,5104
13507-31010,1,5104
13507-75010,4,5104
13507-75030,14,5104
1351053J01,51,5104
13519-0E010,21,5104
13521-16040,9,5104
13521-20020,1,5104
13521-31041,6,5104
13521-46040,2,5104
13521-54030,5,5104
13521-65011,16,5104
13522-66030,49,5104
13523-17010,6,5104
13523-22020,1,5104
13523-31030,1,5104
13523-75030,3,5104
13525-17010,8,5104
13540-0C021,129,5104
13540-0Y010,1,5104
13540-20030,23,5104
13540-21020,23,5104
13540-22022,41,5104
13540-27011,10,5104
13540-31021,7,5104
13540-37030,20,5104
13540-38020,10,5104
13540-38042,9,5104
13540-38060,2,5104
13540-62021,84,5104
13540-66011,7,5104
13540-67020,12,5104
13540-75020,18,5104
13540-75041,17,5104
13549-28012,24,5104
13550-0C020,6,5104
13550-31020,16,5104
13550-38020,2,5104
13554-75010,1,5104
13554-75021,13,5104
13559-0E010,10,5104
13559-0E020,5,5104
13559-11010,1,5104
13559-11020,45,5104
13559-22011,35,5104
13559-31010,21,5104
13559-31030,31,5104
13559-66011,16,5104
13559-75060,133,5104
13561-0C040,2,5104
13561-21040,5,5104
13561-31021,15,5104
13561-31030,17,5104
13561-37050,32,5104
13561-38060,16,5104
13561-38070,6,5104
13561-75050,12,5104
13561-75060,213,5104
13561-76020,3,5104
13562-0E010,76,5104
13562-31010,20,5104
13563-75021,47,5104
13566-40031,12,5104
13568-09041,199,5104
13568-19046,10,5104
13568-19056,6,5104
13568-29025,9,5104
13568-69085,152,5104
13568-YZZ01,142,5104
13568-YZZ03,13,5104
13568-YZZ10,91,5104
13568-YZZ17,4,5104
13581-17012,25,5104
13591-40041,10,5104
13602-28020,16,5104
13613-17010,2,5104
13711-0E010,8,5104
13711-17021,94,5104
13711-30030,49,5104
13711-31101,15,5104
13711-40050,8,5104
13711-50060,83,5104
13711-51030,2,5104
13711-54020,90,5104
13711-58021,13,5104
13711-58030,1,5104
13711-64020,30,5104
13711-66020,67,5104
13711-71010,90,5104
13715-0C040,7,5104
13715-17010,95,5104
13715-17030,18,5104
13715-21010,36,5104
13715-22030,36,5104
13715-22040,75,5104
13715-23040,5,5104
13715-30030,90,5104
13715-30040,131,5104
13715-31091,3,5104
13715-31150,59,5104
13715-36020,5,5104
13715-40050,20,5104
13715-51030,62,5104
13715-54050,25,5104
13715-64030,56,5104
13734-62020,50,5104
13741-54020,26,5104
13750-0C020,28,5104
13750-0E010,5,5104
13750-26010,39,5104
13750-31010,24,5104
13750-31030,218,5104
13750-75020,138,5104
13751-46100,5,5104
13751-46120,18,5104
13751-46300,8,5104
13751-54010,150,5104
13753-17090,29,5104
13753-17100,16,5104
13753-54010,3,5104
13753-54060,84,5104
13753-54160,7,5104
13753-54310,60,5104
13753-54360,17,5104
13753-54410,25,5104
13753-54450,11,5104
13753-54480,50,5104
13753-74210,2,5104
13753-74290,6,5104
13753-74330,26,5104
13801-11012,1,5104
13819-17010,5,5104
14035ED000,1,5104
1403653F01,17,5104
140366N200,24,5104
14036EA200,21,5104
14056VB004,5,5104
14056VJ204,16,5104
14056VW600,10,5104
1446543G21,50,5104
15066ZL80C,72,5104
15100-11071,2,5104
15100-20050,6,5104
15100-21032,12,5104
15100-23020,5,5104
15100-28020,2,5104
15100-50040,13,5104
15100-50050,7,5104
15100-74050,7,5104
15102-66020,27,5104
15103-0C013,2,5104
15103-0C020,692,5104
15103-31080,31,5104
15104-21022,12,5104
15104-31140,34,5104
15104-51030,6,5104
15147-31060,4,5104
15147-36010,3,5104
15163-66021,23,5104
15165-74020,46,5104
15188-31050,7,5104
15188-74050,1,5104
15193-17010,9,5104
15193-31020,55,5104
151A0-51020,1,5104
1520853J0A,53,5104
15208BN30A,389,5104
15301-0C010,48,5104
15301-54080,23,5104
15301-75011,7,5104
15330-20011,4,5104
15330-22050,27,5104
15330-31010,46,5104
15330-37020,17,5104
15340-31010,10,5104
15471-58010,75,5104
15605-17030,120,5104
15605-54010,19,5104
15620-36020,7,5104
15620-37010,48,5104
15650-38010,9,5104
15678-20010,20,5104
15678-28010,14,5104
15678-31010,205,5104
15678-32010,4,5104
15691-64041,1,5104
15692-50020,20,5104
15708-75020,4,5104
15721-17012,1,5104
15725-17010,6,5104
15725-67010,6,5104
15785-54010,36,5104
15797-31010,2,5104
16031-31020,23,5104
16031-36010,9,5104
16032-25010,20,5104
16057-36021,2,5104
16100-09460,67,5104
16100-09770,2,5104
16100-0H030,3,5104
16100-19235,1,5104
16100-28041,169,5104
16100-39406,11,5104
16100-39426,4,5104
16100-39436,47,5104
16100-39456,127,5104
16100-39555,33,5104
16100-39565,31,5104
16100-39595,19,5104
16100-59276,7,5104
16100-69415,22,5104
16100-79445,167,5104
16100-80007,19,5104
16124-67010,19,5104
16175JA00A,57,5104
161A0-29015,69,5104
16210-0C010,22,5104
16210-17070,16,5104
16210-17080,15,5104
16210-31021,21,5104
16210-50090,5,5104
16210-54230,9,5104
16210-66020,19,5104
16261-20010,4,5104
16261-50090,3,5104
16261-66050,6,5104
16268-75112,8,5104
16271-37020,7,5104
16282-31020,7,5104
16304-31037,7,5104
16307-50012,3,5104
16321-75020,1,5104
16322-31020,20,5104
16323-38050,2,5104
16325-28010,159,5104
16325-63011,53,5104
16325-76010,10,5104
16331-13100,6,5104
16331-17030,7,5104
16341-35010,10,5104
16341-50020,16,5104
16346-30010,45,5104
16346-50010,4,5104
16361-0C011,8,5104
16361-17030,4,5104
16361-28220,2,5104
16361-28230,9,5104
16361-75030,13,5104
16363-0A150,1,5104
16363-20270,4,5104
16363-38080,1,5104
16363-75040,41,5104
16400-0L120,10,5104
16400-0P040,1,5104
164000W0X0,127,5104
16400-31751,8,5104
1640041BX0,142,5104
16400-50360,8,5104
16400-58571,4,5104
16401-0C030,130,5104
16401-31480,14,5104
16401-31650,17,5104
16401-36030,397,5104
16401-54750,68,5104
16401-62090,47,5104
16401-67150,12,5104
16401-7A470,4,5104
1640306J0A,27,5104
1640502NX001,100,5104
16470-75124,14,5104
16471-23030,9,5104
164A2-37012,44,5104
16502-21080,35,5104
16515-17010,19,5104
16523-20020,1,5104
16546EB70A,1,5104
16546JR50A,7,5104
16546T3400,181,5104
16546VB000,3,5104
16571-0P030,4,5104
16571-17010,1,5104
16571-17020,2,5104
16571-17071,3,5104
16571-28240,8,5104
16571-31170,2,5104
16571-31180,27,5104
16571-31350,2,5104
16571-38050,18,5104
16571-50180,95,5104
16571-54490,12,5104
16571-66040,70,5104
16571-75231,7,5104
16572-0T300,6,5104
16572-17010,3,5104
16572-17150,10,5104
16572-20100,8,5104
16572-31170,28,5104
16572-31371,10,5104
16572-31390,3,5104
16572-31420,1,5104
16572-36110,8,5104
16572-36230,3,5104
16572-38100,13,5104
16572-38151,17,5104
16572-50180,33,5104
16572-66021,1,5104
16572-66030,8,5104
16572-75090,11,5104
16572-AD012,2,5104
16573-66010,4,5104
16577-37030,1,5104
16578-75011,50,5104
16595-25030,5,5104
16601-0V010,3,5104
16603-0C020,8,5104
16603-0W010,37,5104
16603-31040,57,5104
16603-38012,91,5104
16603-38030,9,5104
16604-38020,8,5104
1661810V05,161,5104
1661841B10,1,5104
16620-0H021,2,5104
16620-0V022,4,5104
16620-31051,2,5104
16620-51011,4,5104
16635J5570,1,5104
16701R8100,6,5104
16711-17010,7,5104
16711-31500,3,5104
16711-50090,7,5104
16711-50220,2,5104
16711-66020,3,5104
16712-0D230,3,5104
17115-17010,60,5104
17116-17020,5,5104
17171-38020,7,5104
17171-51010,20,5104
17173-21020,10,5104
17173-30030,10,5104
17173-37010,20,5104
17173-46020,27,5104
17173-50021,44,5104
17173-66020,10,5104
17173-74040,6,5104
17176-15010,15,5104
17176-75010,2,5104
17177-64020,4,5104
17177-74070,5,5104
17177-75020,1,5104
17177-75030,3,5104
17177-75040,2,5104
17198-66010,3,5104
17201-11070,1,5104
17278-17010,27,5104
17341-67010,1,5104
17405-17073,15,5104
17408-25042,13,5104
17410-75550,18,5104
17451-21030,22,5104
17451-22070,3,5104
17451-28022,3,5104
17451-31020,4,5104
17451-50020,3,5104
17565-0M010,93,5104
1757106J01,9,5104
17630-16040,18,5104
17703-50020,1,5104
17730-66020,1,5104
17801-0C030,225,5104
17801-0D030,26,5104
17801-26010,7,5104
17801-26020,10,5104
17801-64010,6,5104
17881-0L052,80,5104
17881-20100,6,5104
17881-66100,4,5104
17881-75212,3,5104
17882-58130,5,5104
17893-66010,3,5104
19000-17A91,4,5104
19133-16240,36,5104
19145-26060,20,5104
19829-17010,20,5104
19850-11040,13,5104
19850-17010,13,5104
19850-54140,20,5104
19850-58010,17,5104
19850-67030,25,5104
2069138U00,19,5104
2069265J00,260,5104
210104M526,4,5104
21304JA11A,179,5104
214961LA0A,1,5104
21506EB70A,6,5104
21542CA000,47,5104
22100-0L060,7,5104
22100-1C190,58,5104
22104-6A640,12,5104
22140-17810,16,5104
22204-75020,6,5104
22204-75030,12,5104
22215-62180,2,5104
22215-76010,1,5104
22271-62040,2,5104
22271-74022,12,5104
222A0-37025,8,5104
224011KT1B,292,5104
224011P115,600,5104
2240120J05,198,5104
2240150Y06,3669,5104
224015M014,49,5104
2240192C1N,34,5104
22401ED71B,58,5104
22401ED814,490,5104
22401ED816,750,5104
22401V5016,319,5104
2245003J10,11,5104
224656N215,17,5104
22505-54010,1,5104
22602-56350,1,5104
226305X00D,7,5104
23020-70010,4,5104
23209-29165,2,5104
23217-31020,1,5104
23220-21132,5,5104
23220-50261,1,5104
23220-75091,6,5104
23224-38010,130,5104
23232-41081,8,5104
23280-21010,48,5104
23300-0L042,4,5104
23300-11240,5,5104
23300-21010,61,5104
23300-31090,3,5104
23300-75110,38,5104
23300-75160,64,5104
23303-64010,130,5104
23344-54010,9,5104
23368-51020,3,5104
23380-17371,2,5104
23380-17431,9,5104
23380-17541,27,5104
23380-51042,4,5104
23382-51020,6,5104
23390-17540,27,5104
23390-30180,12,5104
23390-30350,21,5104
23390-33030,153,5104
23390-51030,8,5104
23390-52060,105,5104
23600-19075,10,5104
23600-59325,5,5104
23670-29105,4,5104
23670-59018,15,5104
23670-59045,28,5104
23681-0L010,100,5104
23681-17010,100,5104
23681-30010,85,5104
23701-51010,9,5104
23702-30050,1,5104
23704-39055,4,5104
23705-17040,11,5104
23706-17040,3,5104
23741-17020,14,5104
23761-17010,5,5104
23915-16010,1,5104
23915-46011,20,5104
2536019P00,4,5104
255609GA8D,4,5104
25576-74030,1,5104
25620-51011,5,5104
25701-38100,1,5104
25860-51010,1,5104
25860-62010,2,5104
260606CA0A,3,5104
2626189965,10,5104
27060-17240,3,5104
27060-31220,11,5104
27060-38110,1,5104
27220VJ400,3,5104
27274EB700,188,5104
27274EB725,85,5104
27276JN20A,31,5104
27357-22200,8,5104
27370-31220,44,5104
27370-58320,8,5104
27411-17030,1,5104
27415-0L030,5,5104
27700-62030,1,5104
28011-76070,14,5104
28021-38020,3,5104
28021-38040,9,5104
28021-73020,25,5104
28100-31131,1,5104
28100-54491,5,5104
28130-28040,8,5104
28130-75190,7,5104
28140-54380,3,5104
28226-54320,5,5104
28226-72010,10,5104
28235-17030,16,5104
285E31AA7A,50,5104
285E39UF7B,8,5104
285E3EH12A,25,5104
288901HA3D,2,5104
288904CC0C,18,5104
288951LA0A,30,5104
289131HA3A,15,5104
29342-68010,20,5104
301004M4X5,5,5104
3010095F0B,5,5104
30223JA00A,30,5104
305021W718,4,5104
3062056G0A,6,5104
31001-0R030,37,5104
31126-60050,5,5104
31204-20071,72,5104
31204-35031,75,5104
31204-36110,7,5104
31210-0K131,296,5104
31210-0W032,11,5104
31210-26172,169,5104
31210-36330,22,5104
31210-42030,28,5104
31230-12191,52,5104
31230-20170,1,5104
31230-60181,1,5104
31230-60201,260,5104
31230-71011,3,5104
31230-71040,8,5104
31232-22010,29,5104
31236-71011,4,5104
31241-71010,2,5104
31250-12175,3,5104
31250-20242,12,5104
31250-36623,2,5104
31321-36010,1,5104
31321-42010,1,5104
31321-52020,4,5104
3137531X01,13,5104
31400-59025,14,5104
31401-60060,3,5104
31410-60432,15,5104
31410-60591,10,5104
31420-0K014,45,5104
31420-35070,2,5104
31420-36130,6,5104
31420-37142,37,5104
31420-60051,25,5104
31470-0K040,3,5104
31470-26120,5,5104
31470-35181,26,5104
31470-36291,7,5104
31470-36311,6,5104
31470-37040,2,5104
31470-43010,8,5104
31470-60180,1,5104
31470-60201,5,5104
31470-60240,3,5104
31470-60250,10,5104
31470-60280,3,5104
31470-60380,3,5104
32202B950A,9,5104
32855H1010,59,5104
3285803E00,1,5104
32910-60161,2,5104
33037-37022,1,5104
33037-60050,5,5104
33038-37012,32,5104
33038-60011,10,5104
33038-60030,2,5104
33039-36010,8,5104
33039-60040,9,5104
33131-60100,8,5104
3314233G10,35,5104
33151-52010,2,5104
33212-25011,7,5104
33213-25021,48,5104
33216CG01A,7,5104
33230-60011,3,5104
33309-60041,5,5104
33321-35141,14,5104
33331-60H00,5,5104
33336-42020,3,5104
33361-37040,2,5104
33362-60020,11,5104
33363-30031,12,5104
33364-36061,3,5104
33364-60062,7,5104
33364-60070,32,5104
33365-60010,5,5104
33366-36032,15,5104
33368-0K040,5,5104
33368-35030,40,5104
33368-35040,8,5104
33368-35080,56,5104
33368-60022,102,5104
33368-60110,28,5104
33369-36010,7,5104
33384-26010,22,5104
33384-35011,18,5104
33391-25030,3,5104
33391-52020,19,5104
33394-37010,151,5104
33394-60010,44,5104
33403-39325,5,5104
33403-69305,6,5104
33403-69325,2,5104
33404-22010,14,5104
33421-60122,12,5104
33504-60490-C0,9,5104
33505-35020,12,5104
33505-60011,19,5104
33506-35110,12,5104
33530-60360,15,5104
33554-30012,20,5104
33555-25020,10,5104
33555-60100,3,5104
33740-26010,6,5104
33750-26010,4,5104
34263-32010,6,5104
34346-21011,13,5104
35106-12200,8,5104
35151-33161,1,5104
35168-21020,12,5104
35168-32010,10,5104
35168-33080,49,5104
35168-34020,119,5104
35168-36010,54,5104
35168-50010,39,5104
35168-52010,72,5104
35168-52020,1137,5104
35168-60010,333,5104
35168-60030,37,5104
35168-71010,78,5104
35280-30050,2,5104
35303-97501,2,5104
35330-0W021,339,5104
35330-0W080,41,5104
35330-0W090,44,5104
35330-12040,20,5104
35330-20012,6,5104
35330-28010,138,5104
35330-30090,1,5104
35330-33040,1,5104
35330-48020,160,5104
35330-48040,384,5104
35330-50020,6,5104
35330-52060,11,5104
35330-53020,5,5104
35330-60030,42,5104
35330-60060,435,5104
35330-60070,31,5104
35330-71010,18,5104
35330-73010,19,5104
35520-60111,5,5104
35613-21010,3,5104
35667-28030,8,5104
35693-73010,5,5104
35775-48020,10,5104
36222-60021,3,5104
36250-42030,8,5104
36293-34010,6,5104
36410-60061,2,5104
37110-60B00,3,5104
37110-60B20,7,5104
37110-60B60,1,5104
37110-6A311,17,5104
37140-60370,3,5104
37140-60520,1,5104
37140-60560,5,5104
37230-09010,2,5104
37230-0K050,4,5104
37230-34030,10,5104
37230-36131,4,5104
37230-36141,20,5104
37315-35060,6,5104
38189N3112,39,5104
38320J2023,11,5104
383421LB0A,7,5104
402064CE0A,1,5104
40224JK00A,8,5104
40225WJ100,2,5104
41060EE30J,20,5104
4106MEB3X6,387,5104
41083C7112,10,5104
41110-26442,2,5104
41110-60A31,4,5104
411343U800,1,5104
41201-80493,2,5104
41214-26010,2,5104
41214-26011,2,5104
41351-60010,3,5104
41400-34020,4,5104
41400-35034,1,5104
41450-35031,13,5104
41651-50130,13,5104
41653-60020,45,5104
41653-60050,1,5104
41653-60060,16,5104
42181-60050,3,5104
42181-60070,10,5104
42181-60120,7,5104
42210-20010,1,5104
42311-0K060,2,5104
42311-26320,4,5104
42312-60141,1,5104
42323-60020,320,5104
42323-60030,266,5104
42407-69005,10,5104
42410-50030,8,5104
42410-69026,2,5104
42423-0K020,36,5104
42423-20010,195,5104
42423-60020,5,5104
42423-60040,11,5104
42423-87401,3,5104
42427-60021,20,5104
42428-60011,39,5104
42431-0K180,4,5104
42431-60311,130,5104
42450-76021,15,5104
42451-30020,17,5104
42460-0C011,3,5104
42601-60612,14,5104
42603-02150,4,5104
42603-06110,20,5104
42603-42120,1,5104
42603-48140,28,5104
42603-50300,2,5104
42603-50381,21,5104
42603-60500,1,5104
42607-0C070,30,5104
42607-30042,4,5104
42607-30071,57,5104
42607-42021,18,5104
42607-48020,9,5104
4260B-60030,4,5104
4260B-60050,21,5104
42610-60320,8,5104
42611-0K241,6,5104
42611-60D20,6,5104
42631-55031,7,5104
42634-55030,11,5104
430835JG0A,50,5104
43110-60363,2,5104
43136-60020,16,5104
43202-60020,3,5104
43211-0K030,4,5104
43211-48010,5,5104
43212-60111,1,5104
43234-60020,21,5104
43246-28020,5,5104
43324-39015,2,5104
43330-29565,60,5104
43330-39585,5,5104
43330-39625,10,5104
43340-09170,1,5104
43345-09015,5,5104
43346-60011,13,5104
43401-60081,23,5104
43405-60100,2,5104
43410-06B80,39,5104
43412-60140,3,5104
43420-02C40,5,5104
43420-28091,5,5104
43421-60040,6,5104
43422-60010,11,5104
43422-60060,70,5104
43430-60040,2,5104
43430-60071,11,5104
43435-60011,149,5104
43435-60020,7,5104
43436-60011,91,5104
43458-12010,23,5104
43502-60201,5,5104
43512-0D190,5,5104
43512-0K060,3,5104
43512-0K210,64,5104
43512-28190,3,5104
43512-48120,36,5104
43512-60180,24,5104
43512-60291,32,5104
43514-35010,2,5104
43514-KK020,30,5104
43515-0K020,2,5104
43517-71010,1,5104
43521-35010,1,5104
43525-20030,10,5104
43530-60130,1,5104
43550-0D050,68,5104
43550-30021,4,5104
43550-30031,11,5104
43550-30051,1,5104
43550-42020,2,5104
43550-47020,2,5104
43550-50043,1,5104
43560-V3010,11,5104
4406001JX5,13,5104
44060EA026,28,5104
440838J010,4,5104
441004M410,13,5104
4413595F0A,50,5104
44139EB30A,11,5104
441400V700,13,5104
44200-60170,51,5104
44305-22061,23,5104
44310-0K040,5,5104
44310-0K130,6,5104
44310-60320,3,5104
44310-60400,1,5104
44310-60480,11,5104
44310-60500,4,5104
44310-60520,4,5104
44310-60580,1,5104
44320-0K020,20,5104
44320-60300,3,5104
44320-60360,1,5104
44327-30040,25,5104
44348-07050,2,5104
44348-12091,2,5104
44348-33130,7,5104
44348-33180,4,5104
44348-33240,15,5104
44348-36370,1,5104
44348-48090,5,5104
44348-60120,1,5104
44348-60330,5,5104
44348-60350,1,5104
44348-60420,8,5104
44410-26A40,8,5104
44410-26A90,2,5104
44410-60593,2,5104
44410-60740,12,5104
44411-60650,7,5104
44411-60660,5,5104
44610-6A280,2,5104
44621-28120,10,5104
45026-20140,28,5104
45045-69075,5,5104
45046-09251,185,5104
45046-09261,3,5104
45046-09560,26,5104
45046-19435,1,5104
45046-29456,13,5104
45046-49195,21,5104
45046-69205,30,5104
45047-39215,2,5104
45047-49045,12,5104
45047-69115,4,5104
45047-69146,27,5104
45047-BZ120,1,5104
45070-36030,9,5104
45203-60200,1,5104
45210-60091,2,5104
45220-33190,1,5104
45220-48171,41,5104
45220-48201,18,5104
45254-28040,57,5104
45274-42010,4,5104
45411-60360,7,5104
45440-35080,6,5104
45440-39115,1,5104
45460-09230,1,5104
45460-39385,4,5104
45460-39635,8,5104
45470-09140,2,5104
45470-09150,1,5104
45470-39345,5,5104
45470-59045,1,5104
45470-59095,1,5104
45473-35010,11,5104
45490-39195,5,5104
45503-09331,94,5104
45503-0C030,1,5104
45503-0K110,24,5104
45503-35070,1,5104
45503-39225,7,5104
45503-39265,10,5104
45503-59065,22,5104
45503-60050,28,5104
45510-42230,4,5104
45517-50020,1,5104
45517-60010,88,5104
45522-52010,2,5104
45535-06040,10,5104
45535-26030,43,5104
45535-29045,5,5104
45535-33050,31,5104
45535-35030,1,5104
45535-44010,1,5104
45535-60021,47,5104
45535-69015,2,5104
45536-0K010,10,5104
45619-14020,1,5104
45619-26020,1,5104
45700-69135,4,5104
46211ZV01C,17,5104
46410-26451,21,5104
46410-35830,13,5104
46410-36420,10,5104
46410-60570,4,5104
46410-60850,6,5104
46410-6A030,1,5104
46420-0K210,2,5104
46420-42140,4,5104
46430-26450,4,5104
46430-60030,3,5104
46530-30021,47,5104
46530-34010,24,5104
46530-50041,10,5104
46540-42010,3,5104
46540-44010,8,5104
46540-48010,31,5104
46540-60050,11,5104
46550-28020,1,5104
46550-60060,70,5104
46550-60070,43,5104
46580-60050,10,5104
46580-60060,3,5104
47028-60010,6,5104
47028-60020,8,5104
47050-60150,1,5104
47050-60321,1,5104
47061-60310,15,5104
47121-42010,1,5104
47150-12240,7,5104
47201-26811,2,5104
47201-36392,9,5104
47201-60832,1,5104
47201-60A00,5,5104
47201-60A70,10,5104
47230-20040,7,5104
47314-60280,1,5104
47325-60290,2,5104
47327-0K021,1,5104
47341-60031,3,5104
47405-60010,5,5104
47447-20030,4,5104
47447-30020,20,5104
47449-40010,3,5104
47491-20011,1,5104
47547-12030,10,5104
47550-09070,21,5104
47550-0K010,15,5104
47550-26140,10,5104
47550-71030,2,5104
47560-BZ011,2,5104
47580-37073,6,5104
47611-35040,7,5104
47611-60020,1,5104
47614-28010,1,5104
47624-60022,8,5104
47715-33340,5,5104
47731-14110,1,5104
47731-33340,5,5104
47748-60061,80,5104
47749-08010,6,5104
47749-50090,12,5104
47750-0K190,3,5104
47769-50010,42,5104
47771-22030,10,5104
47771-53060,30,5104
47775-22010,80,5104
47775-35010,1,5104
47777-60010,1,5104
47779-12010,2,5104
47779-32030,20,5104
47879-33211,101,5104
47910-35420,12,5104
479505JG0A,50,5104
48006-60031,7,5104
48020-50262,3,5104
48036-60011,12,5104
48047-60090,5,5104
48061-26050,46,5104
48061-35011,3,5104
48061-60010,151,5104
48061-60050,3,5104
48066-29225,24,5104
48067-29225,5,5104
48068-09100,1,5104
48068-33070,6,5104
48068-48070,9,5104
48068-59145,19,5104
48068-60010,1,5104
48068-60030,33,5104
48068-60051,33,5104
48068-BZ200,10,5104
48069-02050,93,5104
48069-08040,10,5104
48069-0K040,2,5104
48069-33070,16,5104
48069-42060,25,5104
48069-59135,5,5104
48069-60010,5,5104
48069-60040,23,5104
48075-30030,42,5104
48076-30040,15,5104
48131-6B290,2,5104
48131-6B320,3,5104
48131-6B470,2,5104
48154-60230,63,5104
48157-02240,5,5104
48157-12080,4,5104
48157-22040,9,5104
48157-33062,11,5104
48157-42020,13,5104
48157-42030,7,5104
48157-48030,126,5104
48157-52030,15,5104
48190-0K010,24,5104
48190-25010,7,5104
48190-26020,57,5104
48190-30040,1,5104
48190-30060,4,5104
48190-30070,5,5104
48190-34010,14,5104
48190-36020,8,5104
48190-60041,5,5104
48198-0K030,44,5104
48198-26010,80,5104
48198-27010,12,5104
48198-35010,4,5104
48198-50011,2,5104
48198-60021,19,5104
482030W025,6,5104
48231-60G40,11,5104
48231-60G50,6,5104
48248-0K020,2,5104
48252-0K010,381,5104
48258-32020,12,5104
48289-60010,6,5104
48304-0D150,38,5104
48304-0K041,10,5104
48306-60062,5,5104
48306-60090,11,5104
48331-12210,106,5104
48331-26140,19,5104
48331-48050,15,5104
48341-26240,3,5104
48341-42010,24,5104
48341-47010,1,5104
48341-48050,4,5104
48409-12040,10,5104
48409-26050,160,5104
48409-34051,9,5104
48409-35050,2,5104
48409-42011,4,5104
48409-60020,3,5104
48409-60040,22,5104
48452-26010,4,5104
48452-32040,1,5104
48452-34011,6,5104
48452-35020,11,5104
48452-42011,6,5104
48452-60020,4,5104
48505-60110,8,5104
48510-09Y90,19,5104
48510-69495,4,5104
48510-80307,20,5104
48510-80863,2,5104
48510-80A87,5,5104
48510-8Z173,41,5104
48510-8Z205,7,5104
48510-8Z265,4,5104
48520-09G41,7,5104
48520-80340,10,5104
48520-80341,14,5104
48520-80497,4,5104
48520-8Z059,7,5104
48530-02680,28,5104
48530-09N10,7,5104
48530-0C101,12,5104
48530-0D570,5,5104
48530-69365,46,5104
48530-69526,2,5104
48530-69535,43,5104
48530-80372,9,5104
48530-80440,10,5104
48530-80441,1,5104
48530-80701,2,5104
48531-09B20,1,5104
48531-0K210,1,5104
48531-0K262,13,5104
48531-42480,1,5104
48531-48133,2,5104
48531-48282,23,5104
48531-69795,11,5104
48531-80725,11,5104
48540-09A71,48,5104
48540-39805,4,5104
48540-80020,6,5104
48559-33020,2,5104
48605-39015,2,5104
48609-02300,2,5104
48609-0K020,31,5104
48609-0K040,77,5104
48609-12330,5,5104
48609-12520,66,5104
48609-12530,159,5104
48609-12570,63,5104
48609-13010,7,5104
48609-28040,1,5104
48609-33190,21,5104
48609-33230,8,5104
48609-33240,3,5104
48609-33260,50,5104
48609-33270,23,5104
48609-48020,29,5104
48609-48040,44,5104
48609-48060,13,5104
48609-48080,5,5104
48609-52100,23,5104
48609-60070,88,5104
48609-60100,5,5104
48610-0K040,63,5104
48610-59125,4,5104
48610-60030,7,5104
48610-60060,14,5104
48610-60070,17,5104
4861126J00,44,5104
48619-0D011,4,5104
48619-28010,39,5104
48630-0K040,49,5104
48632-26090,19,5104
48632-60010,76,5104
48632-60030,160,5104
48632-60040,30,5104
48654-0K040,248,5104
48654-34010,29,5104
48654-60010,20,5104
48654-60020,57,5104
48654-60030,10,5104
48654-60040,228,5104
48655-06120,39,5104
48655-36010,28,5104
48655-50012,6,5104
48655-60010,15,5104
48655-60020,56,5104
48655-60040,106,5104
48674-26021,19,5104
48674-26040,343,5104
48680-30300,4,5104
48680-50110,36,5104
48702-60090,482,5104
48705-53020,4,5104
48706-60011,42,5104
48706-60040,1,5104
48706-60050,13,5104
48706-B4010,10,5104
48710-35050,81,5104
48710-42020,21,5104
48710-42030,22,5104
48710-48080,10,5104
48710-60121,8,5104
48710-60130,8,5104
48710-60140,44,5104
48720-35061,31,5104
48725-05141,1,5104
48725-12570,24,5104
48725-12630,32,5104
48725-32250,3,5104
48725-52060,10,5104
48740-42010,32,5104
48740-42020,5,5104
48740-60150,80,5104
48750-06130,25,5104
48750-33130,10,5104
48760-06220,20,5104
48760-06250,2,5104
48760-48040,2,5104
48760-48060,25,5104
48770-42040,43,5104
48780-42010,22,5104
48780-42030,7,5104
48790-60010,16,5104
48802-48010,3,5104
48802-60060,3,5104
48802-60100,3,5104
48805-48110,7,5104
48810-0K011,249,5104
48810-26050,48,5104
48810-50020,4,5104
48810-53020,24,5104
48810-60040,10,5104
48810-60051,27,5104
48810-60060,5,5104
48811-26460,10,5104
48815-06111,16,5104
48815-0K010,57,5104
48815-0K050,40,5104
48815-0K070,22,5104
48815-0K130,51,5104
48815-10090,5,5104
48815-12340,153,5104
48815-12360,79,5104
48815-12390,2,5104
48815-12410,3,5104
48815-13040,4,5104
48815-14140,59,5104
48815-26020,216,5104
48815-26040,26,5104
48815-26370,222,5104
48815-26390,2,5104
48815-28010,11,5104
48815-28030,7,5104
48815-28070,13,5104
48815-28110,3,5104
48815-28130,106,5104
48815-28180,10,5104
48815-28190,6,5104
48815-30571,125,5104
48815-30650,32,5104
48815-33040,20,5104
48815-33101,86,5104
48815-33110,26,5104
48815-33150,8,5104
48815-33160,3,5104
48815-35130,12,5104
48815-42100,2,5104
48815-42130,16,5104
48815-42140,16,5104
48815-44040,5,5104
48815-48030,8,5104
48815-48040,5,5104
48815-48070,194,5104
48815-48090,24,5104
48815-48110,64,5104
48815-50200,9,5104
48815-52080,35,5104
48815-52090,35,5104
48815-53070,2,5104
48815-60140,4,5104
48815-60170,297,5104
48815-60241,269,5104
48815-60250,45,5104
48815-60260,18,5104
48815-60271,20,5104
48815-60320,1,5104
48815-60350,119,5104
48815-60360,61,5104
48815-60380,29,5104
48815-78011,87,5104
48815-B4011,4,5104
48817-0D010,16,5104
48817-26020,5,5104
48817-36011,80,5104
48817-60010,15,5104
48817-60020,30,5104
48817-YE010,46,5104
48818-06300,8,5104
48818-20260,6,5104
48818-21080,4,5104
48818-33130,10,5104
48818-42010,5,5104
48818-48010,1,5104
48818-48021,15,5104
48818-48060,100,5104
48818-48080,5,5104
48818-50030,2,5104
48818-60020,9,5104
48818-60030,12,5104
48818-60040,3,5104
48818-60080,40,5104
48819-26040,6,5104
48820-22041,1,5104
48820-26051,17,5104
48820-26060,7,5104
48820-28050,2,5104
48820-33040,52,5104
48820-33070,10,5104
48820-42030,6,5104
48820-47010,116,5104
48820-50020,35,5104
48820-52030,8,5104
48820-53020,2,5104
48820-60050,38,5104
48820-60071,53,5104
48820-60082,16,5104
48821-52040,36,5104
48823-26090,5,5104
48823-60030,40,5104
48824-33020,1,5104
48824-60130,3,5104
48829-12070,5,5104
48830-30090,1,5104
48830-33040,15,5104
48830-35020,4,5104
48830-42022,36,5104
48830-60050,5,5104
48849-60010,210,5104
48849-60041,12,5104
48849-60110,2,5104
48911-60020,1,5104
491213XM0B,1,5104
49122VZ00A,1,5104
4972001J63,10,5104
51085-60010,5,5104
51441-33110,14,5104
51441-33250,2,5104
51759-60160,2,5104
51795-60060,3,5104
51950-60030,10,5104
52011-78020,10,5104
52023-0D100,8,5104
52030-07020,1,5104
52101-35640,1,5104
52103-60281,2,5104
52105-0K021,2,5104
52112-42110,9,5104
52113-0D040,16,5104
52114-33430,2,5104
52114-42120,5,5104
52115-02250,16,5104
52115-02360,4,5104
52115-60141,46,5104
52115-60150,2,5104
52115-60180,2,5104
52115-60200,3,5104
52115-60250,7,5104
52116-47041,6,5104
52116-47050,1,5104
52116-60190,4,5104
52116-60270,1,5104
52116-76011,35,5104
52119-0U920,3,5104
52119-4A920,1,5104
52119-6A966,2,5104
52119-6A972,1,5104
52119-BZM40,6,5104
52119-F2926,2,5104
52127-12909,1,5104
52127-48916,4,5104
52128-48913,3,5104
52145-33060,8,5104
52146-07030,19,5104
52146-33070,1,5104
52152-0K050,10,5104
52155-21010,2,5104
52155-42050,4,5104
52155-60080,3,5104
52156-33010,11,5104
52157-33010,7,5104
52158-26010,18,5104
52159-0K010,6,5104
52159-6A927,1,5104
52159-6B905,2,5104
52164-0K030,21,5104
52164-F4020,9,5104
52169-33030,5,5104
52172-60030,11,5104
52188-33030,2,5104
52197-16020,20,5104
52198-53020,15,5104
52201-0K010,5,5104
52201-25020,15,5104
52201-35100,6,5104
52201-60050,22,5104
52201-60130,2,5104
52202-60050,7,5104
52202-60100,2,5104
52203-35210,64,5104
52203-35250,3,5104
52203-60090,16,5104
52204-0K010,8,5104
52204-35100,3,5104
52204-35120,12,5104
52204-60030,8,5104
52204-60061,13,5104
52204-60090,13,5104
52205-60020,7,5104
52205-60040,35,5104
52206-60030,1,5104
52206-60040,19,5104
52207-35050,13,5104
52207-60080,8,5104
52208-60010,21,5104
52208-60031,21,5104
52208-60040,6,5104
52208-60050,14,5104
52209-35011,9,5104
52209-60020,3,5104
52216-35010,10,5104
52217-0K010,3,5104
52217-35180,2,5104
52217-60030,10,5104
52217-60060,3,5104
52217-60100,90,5104
52380-60040,12,5104
52380-60080,16,5104
52411-78010,4,5104
52413-42010,5,5104
52422-35030,4,5104
52437-42901,10,5104
52438-42901,19,5104
52506-60100,8,5104
52527-60030,3,5104
52535-33060,1,5104
52535-52012,3,5104
52535-78010,35,5104
52536-42021,1,5104
52536-42030,1,5104
52536-42050,13,5104
52536-42080,9,5104
52563-33060,3,5104
52563-60040,2,5104
52575-07010,1,5104
52576-48040,3,5104
52576-48050,4,5104
52611-33300,25,5104
52611-60130,2,5104
52614-42110,10,5104
52618-33060,5,5104
52618-60010,10,5104
52721-52906,5,5104
52791-33010,10,5104
53101-60E70,8,5104
53111-02790,1,5104
53111-06905,1,5104
53111-33440,3,5104
53111-33460,11,5104
53111-33580,1,5104
53111-60600,4,5104
53112-06230,1,5104
53112-42100,4,5104
53121-33080,4,5104
53121-48130,3,5104
53123-33050,2,5104
53124-33070,1,5104
53128-33030,9,5104
53181-02020,3,5104
53181-60040,5,5104
53181-60050,34,5104
53182-60040,6,5104
53183-60071,5,5104
53201-BZ300,5,5104
53201-KK060,1,5104
53214-12180,2,5104
53246-60020,10,5104
53259-20030,10,5104
53285-42090,2,5104
53285-42120,6,5104
53285-42930,27,5104
53285-60041,21,5104
53292-60210,3,5104
53294-KK040,2,5104
53295-33040,5,5104
53295-33130,4,5104
53301-07070,13,5104
53301-48180,14,5104
53301-60541,12,5104
53301-60630,5,5104
53382-60011,26,5104
53395-33030,20,5104
53395-47020,14,5104
53395-47040,28,5104
53396-60030,10,5104
53397-0K110,6,5104
53410-0K370,1,5104
53410-42140,7,5104
53410-60100,7,5104
53410-76030,8,5104
53420-0K100,4,5104
53420-33290,3,5104
53420-52360,3,5104
53420-60120,7,5104
53420-YC020,1,5104
53446-BZ040,1,5104
53452-12080,3,5104
53455-14020,108,5104
53510-60220,51,5104
53510-60230,2,5104
53510-60270,3,5104
53510-60390,7,5104
53510-F4020,2,5104
53540-30020,1,5104
53540-60010,9,5104
53630-33110,2,5104
53630-42110,4,5104
53630-60010,6,5104
53713-60070,8,5104
53714-60020,3,5104
53735-35151,10,5104
53736-60131,19,5104
53773-60020,8,5104
53781-60020,1,5104
53801-33200,11,5104
53801-48120,5,5104
53801-60C20,1,5104
53801-60D80,1,5104
53802-F4010,1,5104
53805-0C011,2,5104
53824-02150,4,5104
53825-33060,5,5104
53847-0K910,1,5104
53851-60200,1,5104
53851-90A00,2,5104
53858-60050,10,5104
53866-60090,17,5104
53867-60040,15,5104
53867-60090,27,5104
53875-33190,4,5104
53875-60021,3,5104
53876-33171,4,5104
53876-60070,2,5104
53876-60080,7,5104
53876-60140,11,5104
53879-30050,14,5104
53879-33030,37,5104
53879-58010,18,5104
53882-16030,130,5104
53885-60030,12,5104
53886-35020,18,5104
53911-60030,3,5104
54034EA00A,18,5104
54320AU701,39,5104
543213SH0C,10,5104
54330ED000,54,5104
54464CY00C,96,5104
545001AA0C,18,5104
54501JG00B,24,5104
54524JK000,1,5104
545253XA2A,15,5104
545422S610,30,5104
546132Y002,16,5104
546134P007,18,5104
5461801G0A,5,5104
54667VW000,5,5104
546682Y00A,7,5104
550384JU0A,10,5104
552267S001,3,5104
55269AG00E,23,5104
55413-90K00,4,5104
55539-32010-C0,3,5104
5611036GXE,10,5104
56115-30100-1,50,5104
56117-KK060,5,5104
56121-60120,4,5104
56121-60140,17,5104
56165-60010,9,5104
56217AX000,2,5104
56218CG020,114,5104
562600W001,8,5104
58302-42020,2,5104
58908-32040,1,5104
58976-YA011,11,5104
61691-0K907,9,5104
61783-60071,1,5104
61875-60020-B0,10,5104
620225RB0J,3,5104
620726FL0A,41,5104
620766JF0C,6,5104
620769PF0A,16,5104
622103JA0A,5,5104
622114CL0A,95,5104
622203TA0A,24,5104
622203XA0B,3,5104
622221KA0A,23,5104
622224CL0A,3,5104
622273TA0A,10,5104
622574BA0A,50,5104
623104HB1B,2,5104
623309HS0A,18,5104
628901AA0A,3,5104
628901KA0A,60,5104
62955-50010,6,5104
631009HS0A,25,5104
63492-60021,4,5104
63492-60110,34,5104
63493-48020,16,5104
63493-60120,1,5104
638403JA0A,3,5104
63848VD24A,68,5104
64401-33760,2,5104
64607-06240,1,5104
64607-12790,23,5104
64607-33130,29,5104
64610-02050,4,5104
64772-60020-A1,1,5104
65706-60021,6,5104
65722ED01A,3,5104
65780-0K010,4,5104
65829JG40A,76,5104
66110-0K011,10,5104
66153-60010,3,5104
66170-0K020,298,5104
66280-37010,5,5104
66321-90K00,1,5104
66895ED50A,4,5104
66895EL000,13,5104
67610-60221-B2,1,5104
67620-60221-B2,25,5104
67771-12050-1,100,5104
67861-0K013,4,5104
67861-60020,5,5104
67861-60150,40,5104
67862-60110,19,5104
67862-60150,2,5104
67864-50030,1,5104
67881-60040,5,5104
67887-60020,10,5104
67895-60030,3,5104
68029-26070,14,5104
68124-06220,3,5104
68142-60011,5,5104
68151-60032,3,5104
68152-60050,2,5104
68160-52150,5,5104
68160-90K00,32,5104
68160-90K01,7,5104
68171-0K010,8,5104
68171-60070,58,5104
68172-0K020,3,5104
68172-60060,30,5104
68174-60050,4,5104
68180-52100,14,5104
68180-52130,30,5104
68210-52110,7,5104
68210-52150,7,5104
68230-52130,4,5104
68610-60040,23,5104
68610-60140,7,5104
68617-20011,13,5104
68620-60112,72,5104
68630-60150,1,5104
68640-60130,1,5104
68650-09010,13,5104
68710-12151,70,5104
68720-22071,43,5104
68730-12120,7,5104
68740-12120,1,5104
68750-60090,16,5104
68780-33050,1,5104
68801-42041,8,5104
68801-90K00,3,5104
68810-42070,17,5104
69005-60C20,2,5104
69023-48010,10,5104
69040-42241,3,5104
69057-60211,6,5104
69059-60220,2,5104
69090-0K040,6,5104
69205-10040-B7,30,5104
69206-20040-B1,6,5104
69207-26010-B1,5,5104
69210-60061,3,5104
69210-60170-C0,10,5104
69210-60270,7,5104
69211-60090-C0,2,5104
69212-60030,20,5104
69220-90300,12,5104
69220-90K00,9,5104
69230-26070,25,5104
69230-26080,28,5104
69230-60071,6,5104
69240-60030,4,5104
69240-60071,20,5104
69260-10040-B7,20,5104
69277-60010-03,26,5104
69278-60010-03,9,5104
69310-60070,21,5104
69320-60070,38,5104
69320-60091,5,5104
69350-36030,11,5104
69380-60071,12,5104
69390-60051,1,5104
69430-95J00,15,5104
69450-60030,4,5104
69460-60030,4,5104
69515-30320,6,5104
69750-60030,6,5104
69820-60300,1,5104
69971-35020,36,5104
727524CC0B,20,5104
74232-52550-C0,16,5104
74403-60240,1,5104
74453-60060,3,5104
74529-60040,1,5104
74596-53010,8,5104
74610-13011-B1,4,5104
74611-60071-B0,7,5104
74612-60131-B0,21,5104
75056-60010,3,5104
75061-78011,20,5104
75074-42040,1,5104
75301-12380,10,5104
75310-06010,19,5104
75311-33100,1,5104
75311-48070,8,5104
75311-52140,10,5104
75312-0D080,2,5104
75315-90A02,2,5104
75331-12130,1,5104
75370-60020,14,5104
75374-47062,20,5104
75441-60520,26,5104
75442-33450,17,5104
75442-60180,11,5104
75455-0C070,1,5104
75473-60030,6,5104
75473-60040,4,5104
75495-42010,10,5104
75531-60030,12,5104
75533-60082,2,5104
75534-60021,26,5104
75551-52160,10,5104
75551-60110,4,5104
75552-52180,8,5104
75555-60010,8,5104
75555-60020,22,5104
75561-52020,50,5104
75573-60030,2,5104
75601-48040,43,5104
75601-48060,42,5104
75606-78010,21,5104
75710-60051,10,5104
75710-60070,58,5104
75711-60080,4,5104
75712-60061,1,5104
75720-60051,2,5104
75721-60061,9,5104
75722-60061,10,5104
75730-60031,29,5104
75730-60050,30,5104
75740-60010,7,5104
75740-60031,21,5104
75740-60070,8,5104
75761-60090,2,5104
75881-60020,28,5104
76626-60240,6,5104
76647-60040,10,5104
76801-47060-B1,5,5104
76924-12030,3,5104
77020-0K140,4,5104
77020-0K150,4,5104
77020-60320,4,5104
77020-60441,3,5104
77023-32040,5,5104
77023-36010,4,5104
77023-60040,11,5104
77024-06213,36,5104
77024-12170,51,5104
77024-30160,2,5104
77024-33090,18,5104
77024-42110,9,5104
77024-47080,5,5104
77024-48040,1,5104
77024-48050,16,5104
77024-50021,10,5104
77144-48020,28,5104
77169-52010,60,5104
77169-52040,1,5104
77240-60490,4,5104
77289-52090,6,5104
77300-28010,25,5104
77300-47010,44,5104
77300-52040,13,5104
77300-53010,8,5104
77310-60100,8,5104
77360-33030,75,5104
77720-60150,8,5104
78104-60010,9,5104
78110-02271,1,5104
78110-0K030,8,5104
78110-60180,2,5104
799161KA3A,4,5104
806713TA0D,10,5104
807211CA0C,17,5104
808391LA1A,18,5104
8085089922,77,5104
81126-48020,9,5104
81130-36610,1,5104
81135-24160,5,5104
81135-53750,15,5104
81145-07130,1,5104
81166-48020,24,5104
81193-12050,10,5104
81194-12050,10,5104
81194-48030,138,5104
81195-60020,1,5104
81210-06071,10,5104
81210-AA030,2,5104
81211-42061,1,5104
81220-60120,2,5104
81221-52120,4,5104
81230-30200,32,5104
81231-33010,10,5104
81240-60050,18,5104
81270-33081,22,5104
81271-60332,7,5104
81311-33010,3,5104
81481-10030,20,5104
81481-48160,3,5104
81482-48160,2,5104
81496-52020,45,5104
81510-0K010,7,5104
81521-60360,2,5104
81536-60C30,7,5104
81551-60B51,7,5104
81555-13510,13,5104
81560-02751,11,5104
81560-60342,6,5104
81561-0K200,2,5104
81561-26201,6,5104
81561-60381,4,5104
81565-60620,8,5104
81570-0K080,3,5104
81570-60062,2,5104
81590-60141,10,5104
81730-0D121,13,5104
81730-52100,3,5104
81730-53011,4,5104
81740-58010,15,5104
81740-60100,45,5104
81741-14160,7,5104
81859-60490,3,5104
81920-33020,6,5104
81952-22010,6,5104
82112-60680,1,5104
82219-33030,10,5104
82219-35010,5,5104
82219-35020,33,5104
82420VW000,8,5104
82611-90301,14,5104
82620-07050,11,5104
82620-48100,3,5104
82620-60030,5,5104
82675-60020,77,5104
82741-42020,18,5104
82823-22050,1,5104
83320-0C080,49,5104
83320-0K010,1,5104
83320-60440,22,5104
83320-69335,14,5104
83320-69345,5,5104
83320-69555,1,5104
83320-69585,11,5104
83320-80398,13,5104
83420-20020,7,5104
83520-60051,31,5104
83710-90K06,11,5104
84140-20560,5,5104
84210-52010,8,5104
84222-12010,3,5104
84231-95J02,3,5104
84306-52100,3,5104
84306-60080,6,5104
84307-30090,11,5104
84312-0K030,2,5104
84312-32010,5,5104
84340-19026,11,5104
84340-30130,1,5104
84340-42010,13,5104
84340-47020,2,5104
84540-71010,4,5104
84725-60020,6,5104
84810-02030,4,5104
84999-10250,44,5104
850181LA0H,4,5104
850223BN1H,13,5104
85031-30020,7,5104
85044-33070-B0,5,5104
85044-42090-A0,2,5104
85044-42150-A1,5,5104
85045-42110-A1,25,5104
85045-42110-C1,3,5104
85110-60201,5,5104
85110-60600,1,5104
85130-60220,3,5104
85150-60321,12,5104
85207-60140,1,5104
85208-60060,2,5104
85212-36030,5,5104
85212-52220,8,5104
85212-60021,4,5104
85212-60032,2,5104
85212-60171,11,5104
85212-60191,9,5104
85212-78011,5,5104
85214-0K010,37,5104
85214-10100,95,5104
85214-42060,14,5104
85214-68030,5,5104
85214-78020,19,5104
852204CE0A,53,5104
85220JN20A,2,5104
85222-12750,12,5104
85222-26120,8,5104
85222-33270,31,5104
85222-42110,48,5104
85222-48040,12,5104
85222-53071,128,5104
852263ST1A,6,5104
85241-28100,1,5104
85241-60070,2,5104
85241-60190,16,5104
85242-60050,12,5104
85242-60090,9,5104
85242-60110,2,5104
85242-72010,10,5104
85244-52010,5,5104
85272-20060,12,5104
85292-0F010,86,5104
85315-60330,3,5104
85316-02090,10,5104
85321-28020,70,5104
85330-0D100,44,5104
85330-47010,8,5104
85330-47100,2,5104
85330-60190,13,5104
85330-71010,5,5104
85348-12250,10,5104
85353-60060-C1,7,5104
85353-60110-A1,3,5104
85353-60900,31,5104
85354-60900,8,5104
85375-10260,7,5104
85381-0K010,13,5104
85381-12060,12,5104
85381-12400,10,5104
85381-28220,7,5104
85381-34030,6,5104
85381-AA042,22,5104
85383-36010,20,5104
85710-60031,1,5104
86510-0E040,13,5104
86650-60060,1,5104
87097-36020,7,5104
87103-0C051,2,5104
87103-26111,3,5104
87103-33170,7,5104
87103-50101,1,5104
87106-30570,6,5104
87106-60270,3,5104
87138-26160,24,5104
87138-90K00,2,5104
87139-26010,21,5104
87139-28010,18,5104
87139-28020,15,5104
87139-30100,32,5104
87139-BZ040,13,5104
87139-YZZ24,272,5104
87139-YZZ25,680,5104
87139-YZZ26,19,5104
87209-60C01,2,5104
87910-0KD01,4,5104
87915-0D260,3,5104
87915-60050-C0,7,5104
87915-60050-C1,4,5104
87931-0F120,7,5104
87931-6A320,2,5104
87940-60372,2,5104
87940-60B81,2,5104
87945-33030-A1,6,5104
87945-42090,10,5104
88320-0K170,5,5104
88440-0K381,49,5104
88440-60040,1,5104
88446-60030,9,5104
88450-26120,10,5104
884A0-33010,7,5104
88501-26270,8,5104
88501-48281,5,5104
88501-60412,12,5104
88515-0D300,3,5104
88515-28160,6,5104
88550-36041,2,5104
88550-60130,3,5104
88561-BZ440,2,5104
88568-60070,2,5104
88590-60101,1,5104
88625-26090,26,5104
88710-06360,4,5104
88710-6B580,8,5104
88711-60750,11,5104
88711-60800,12,5104
88719-33020,2,5104
88899-3A080,31,5104
89070-60794,1,5104
89070-BZ551,3,5104
89348-28090-C0,1,5104
89348-33040-A0,1,5104
89348-44010,1,5104
89348-71010-A2,19,5104
89411-50010,5,5104
89422-20010,4,5104
89422-33030,16,5104
89465-33360,8,5104
89465-33420,1,5104
89465-60150,7,5104
89467-48011,7,5104
89467-48130,4,5104
89467-60130,1,5104
89467-71020,3,5104
89491-60100,8,5104
89516-60080,1,5104
89542-60050,4,5104
89543-60030,2,5104
89543-60050,2,5104
89545-0K240,4,5104
89546-60050,5,5104
89615-22030,3,5104
89615-30050,12,5104
89674-71021,10,5104
89752-BZ340,5,5104
89871-25010,1,5104
89871-71010,1,5104
89904-60D70,2,5104
90010-01122,20,5104
90010-03055,5,5104
90010-05101,40,5104
90010-06006,10,5104
90032-09032,117,5104
90038-12004,36,5104
90043-11336,58,5104
90043-85174,5,5104
90044-68378,37,5104
90075-99106,3,5104
90080-91206,146,5104
90099-10226,2,5104
90099-14091,10,5104
90099-14118,37,5104
90099-14121,5,5104
90099-14127,102,5104
90099-33080,249,5104
90101-12144,148,5104
90101-12167,127,5104
90101-18010,6,5104
90105-10085,58,5104
90105-10388,70,5104
90105-10424,539,5104
90105-10521,30,5104
90105-11044,40,5104
90105-12287,20,5104
90105-14089,37,5104
90105-14099,40,5104
90105-17003,5,5104
90109-06383,7,5104
90109-06388,20,5104
90109-08188,493,5104
90109-08295,65,5104
90109-08301,186,5104
90109-10132,39,5104
90109-10139,9,5104
90109-W0006,8,5104
90110-06010,11,5104
90112-08073,40,5104
90114-11124,189,5104
90116-08233,16,5104
90116-10075,136,5104
90116-10088,36,5104
90116-10117,110,5104
90116-10175,700,5104
90117-14032,11,5104
90117-14052,129,5104
90117-14059,25,5104
90117-14072,23,5104
90117-14073,39,5104
90117-T0002,94,5104
90117-T0006,2,5104
90119-06355,29,5104
90119-08560,10,5104
90119-10205,267,5104
90119-10536,38,5104
90119-10921,22,5104
90119-12312,47,5104
90119-12371,70,5104
90119-14062,89,5104
90119-16003,112,5104
90126-10014,40,5104
90151-60013,49,5104
90159-50311,42,5104
90159-50353,97,5104
90159-50388,40,5104
90159-60215,92,5104
90159-60383,79,5104
90159-60416,100,5104
90159-60477,60,5104
90159-60488,61,5104
90159-60500,76,5104
90159-60590,30,5104
90159-T2010,98,5104
90170-08204,81,5104
90170-10039,228,5104
90170-12021,282,5104
90170-16023,80,5104
90170-18007,173,5104
90170-19185,11,5104
90170-22058,26,5104
90178-10016,20,5104
90178-11001,69,5104
90178-14017,60,5104
90178-16001,78,5104
90178-16006,4,5104
90178-T0081,246,5104
90179-06127,10,5104
90179-08014,10,5104
90179-08040,50,5104
90179-08153,1,5104
90179-12070,45,5104
90179-12127,20,5104
90179-14019,24,5104
90179-14025,7,5104
90179-14068,10,5104
90179-20018,1,5104
90179-22022,6,5104
90189-04024,15,5104
90189-05142,50,5104
90189-06029,139,5104
90189-06193,51,5104
90189-06242,9,5104
90189-T0014,272,5104
90201-08042,150,5104
90201-10075,65,5104
90201-10203,10,5104
90201-11013,652,5104
90201-11032,60,5104
90201-12078,33,5104
90201-12452,9,5104
90208-44001,50,5104
90208-49001,115,5104
90209-10021,76,5104
90210-06010,306,5104
90210-07006,5,5104
90210-08019,80,5104
90210-09016,34,5104
90210-25002,90,5104
90213-07018,50,5104
90214-42030,128,5104
90240-06016,61,5104
90250-04056,10,5104
90252-03015,18,5104
90269-03002,42,5104
90269-04051,43,5104
90269-A0005,20,5104
90301-07037,209,5104
90301-08020,6,5104
90301-20005,6,5104
90301-20012,61,5104
90301-21017,48,5104
90301-22013,122,5104
90301-29006,42,5104
90301-32010,8,5104
90301-37005,3,5104
90301-40008,15,5104
90301-49003,9,5104
90301-57003,20,5104
90301-61003,29,5104
90301-67004,17,5104
90301-T0016,19,5104
90304-80002,12,5104
90310-16001,4,5104
90310-25004,20,5104
90310-25013,19,5104
90310-38033,235,5104
90310-50006,121,5104
90310-58004,32,5104
90310-A0004,34,5104
90311-13001,38,5104
90311-18013,20,5104
90311-20006,55,5104
90311-22009,7,5104
90311-24010,30,5104
90311-25008,35,5104
90311-25032,50,5104
90311-27010,1,5104
90311-30014,86,5104
90311-32012,209,5104
90311-32019,213,5104
90311-32022,24,5104
90311-32025,29,5104
90311-34016,45,5104
90311-34021,39,5104
90311-34039,28,5104
90311-34057,14,5104
90311-35023,154,5104
90311-35032,1,5104
90311-35035,16,5104
90311-35065,14,5104
90311-35069,145,5104
90311-35075,17,5104
90311-36005,25,5104
90311-36006,6,5104
90311-38032,23,5104
90311-38034,27,5104
90311-38047,656,5104
90311-38066,142,5104
90311-38067,30,5104
90311-38075,80,5104
90311-38090,98,5104
90311-38096,39,5104
90311-40001,28,5104
90311-40031,337,5104
90311-40041,24,5104
90311-40047,5,5104
90311-40048,32,5104
90311-41017,131,5104
90311-41018,16,5104
90311-41019,12,5104
90311-41020,26,5104
90311-42010,25,5104
90311-42048,21,5104
90311-42052,14,5104
90311-44004,3,5104
90311-44005,3,5104
90311-44008,102,5104
90311-45027,32,5104
90311-45032,6,5104
90311-45036,87,5104
90311-46006,7,5104
90311-47026,28,5104
90311-48016,1131,5104
90311-49002,5,5104
90311-50039,19,5104
90311-50050,20,5104
90311-50051,76,5104
90311-50058,2,5104
90311-50063,6,5104
90311-50065,6,5104
90311-52022,4,5104
90311-55002,3,5104
90311-55005,28,5104
90311-58007,85,5104
90311-58011,31,5104
90311-65003,162,5104
90311-70011,13,5104
90311-73005,1,5104
90311-85007,30,5104
90311-89014,6,5104
90311-89015,264,5104
90311-90010,12,5104
90311-95013,377,5104
90311-99009,14,5104
90311-A0008,11,5104
90311-T0015,21,5104
90311-T0034,69,5104
90311-T0065,20,5104
90311-T0069,198,5104
90311-T0108,86,5104
90312-96001,123,5104
90312-A0002,23,5104
90313-13001,70,5104
90313-13002,104,5104
90313-62001,56,5104
90316-72001,162,5104
90333-25003,13,5104
90341-18006,660,5104
90341-18032,71,5104
90341-18040,5,5104
90341-18051,5,5104
90341-18057,2,5104
90341-24014,100,5104
90361-09002,20,5104
90363-12018,10,5104
90363-12020,9,5104
90363-12024,313,5104
90363-15017,53,5104
90363-18011,5,5104
90363-33007,5,5104
90363-35063,3,5104
90363-35067,21,5104
90363-43001,2,5104
90363-T0009,10,5104
90364-25012,17,5104
90364-28023,39,5104
90364-36006,8,5104
90365-34005,23,5104
90366-17007,29,5104
90366-20003,160,5104
90366-30105,6,5104
90366-35053,20,5104
90366-35096,1,5104
90366-35105,30,5104
90366-42009,7,5104
90366-45038,1,5104
90366-60008,1,5104
90366-75001,18,5104
90366-T0044,35,5104
90366-T0061,18,5104
90368-45087,90,5104
90368-50006,50,5104
90369-45003,5,5104
90369-T0007,34,5104
90374-62008,7,5104
90381-30006,5,5104
90385-12012,38,5104
90385-18008,15,5104
90385-18009,34,5104
90385-19003,92,5104
90385-19007,19,5104
90385-19009,128,5104
90385-20005,4,5104
90385-23037,20,5104
90385-24002,17,5104
90385-T0010,100,5104
90385-T0014,266,5104
90385-T0016,18,5104
90385-T0017,120,5104
90385-T0020,6,5104
90386-13020,123,5104
90389-14037,10,5104
90389-18002,29,5104
90389-T0005,8,5104
90389-T0009,3,5104
90430-12008,4,5104
90430-18023,3,5104
90430-37004,7,5104
90430-37140,2,5104
90430-T0008,70,5104
90440-16019,25,5104
90440-17021,23,5104
90440-18011,3,5104
90445-17117,7,5104
90460-62006,21,5104
90466-16004,100,5104
90467-05164-B0,90,5104
90467-06020-C0,50,5104
90467-07166,235,5104
90467-07192,30,5104
90467-07193,60,5104
90467-07201,80,5104
90467-07211,17,5104
90467-07214,20,5104
90467-08195,50,5104
90467-09050,28,5104
90467-09185,20,5104
90467-09198,58,5104
90467-10005-C0,58,5104
90467-10183,10,5104
90467-10187,14,5104
90467-12020,8,5104
90467-12040,50,5104
90467-12073,75,5104
90467-21010,30,5104
90467-T0023,49,5104
90468-05034,30,5104
90468-05060,6,5104
90468-08035,40,5104
90468-12015,55,5104
90468-12025,10,5104
90468-16029,18,5104
90501-35035,10,5104
90501-35037,3,5104
90506-12051,3,5104
90520-01274,13,5104
90520-31005,2,5104
90520-31006,21,5104
90520-36045,50,5104
90520-46014,21,5104
90520-84001,30,5104
90520-99110,34,5104
90520-99158,18,5104
90520-T0033,20,5104
90521-34005,23,5104
90560-27005,29,5104
90560-33003,47,5104
90901-19047,35,5104
90903-89012,88,5104
90904-30008,50,5104
90910-02094,13,5104
90910-02101,15,5104
90910-02112,25,5104
90910-02120,13,5104
90910-02145,9,5104
90910-02146,30,5104
90910-02162,20,5104
90910-02164,313,5104
90910-02170,30,5104
90910-02187,96,5104
90910-05206,23,5104
90910-12275,4,5104
90913-02051,22,5104
90913-02090,68,5104
90913-02095,20,5104
90913-02101,411,5104
90913-02112,189,5104
90913-02113,28,5104
90913-02118,79,5104
90913-02121,10,5104
90913-02124,60,5104
90913-03021,50,5104
90915-20005,1680,5104
90915-YZZD4,125,5104
90915-YZZM3,61,5104
90916-02500,153,5104
90916-02523,90,5104
90916-02589,18,5104
90916-02606,42,5104
90916-02637,16,5104
90916-02667,113,5104
90916-02679,19,5104
90916-02706,13,5104
90916-02708,12,5104
90916-02768,8,5104
90916-02774,2,5104
90916-03090,12,5104
90916-03100,18,5104
90916-03102,10,5104
90916-03119,4,5104
90916-03120,10,5104
90916-03129,444,5104
90916-03136,1,5104
90916-03138,61,5104
90916-03144,50,5104
90916-T2027,101,5104
90916-T2029,85,5104
90916-T2047,22,5104
90917-06039,20,5104
90917-06061,20,5104
90917-11036,22,5104
90919-01194,100,5104
90919-01210,2,5104
90919-01243,662,5104
90919-01276,106,5104
90919-01285,100,5104
90919-01301,18,5104
90919-02259,2,5104
90919-02260,129,5104
90919-05007,3,5104
90919-05025,20,5104
90919-05035,5,5104
90919-05057,34,5104
90919-05060,10,5104
90919-05087,22,5104
90919-11009,82,5104
90919-15532,2,5104
90919-15534,16,5104
90919-15570,1,5104
90919-YZZAD,1220,5104
90919-YZZAE,98,5104
90919-YZZAF,100,5104
90930-03097,6,5104
90942-01021,30,5104
90942-01077,48,5104
90942-01081,108,5104
90942-01093,4,5104
90942-01103,2293,5104
90942-02052,70,5104
90942-02071,125,5104
90942-02072,123,5104
90942-02079,1948,5104
90942-02081,1635,5104
90947-02A14,7,5104
90947-02C49,12,5104
90948-01003,14,5104
90948-01060,7,5104
90948-01064,44,5104
90948-01077,7,5104
90948-01096,4,5104
90948-02141,40,5104
90948-02173,16,5104
90948-02184,15,5104
90948-03024,60,5104
90948-T1013,2,5104
90950-01398,18,5104
90950-01983,119,5104
90980-11162,28,5104
90980-11246,1,5104
90980-11885,25,5104
90980-12831,14,5104
90981-08H14,5,5104
90981-13047,4,5104
90981-13075,5,5104
90981-AD006,55,5104
90982-05035,63,5104
90982-05069,60,5104
90982-08203,7,5104
90982-08295,1,5104
90982-09014,30,5104
90987-02006,5,5104
90999-73115,38,5104
90999-73144,83,5104
90999-73156,28,5104
91512-81035,11,5104
91611-G0820,115,5104
91641-80616,26,5104
91651-B0814,63,5104
91674-E1028,48,5104
91674-K1240,18,5104
921313XC0A,10,5104
9240059G00,9,5104
92412EA500,2,5104
93520-54010,63,5104
94115-71200,388,5104
94151-21201,30,5104
94151-21601,65,5104
94184-01001,2,5104
94184-61001,30,5104
94185-61000,22,5104
94188-01201,20,5104
95161-30416,73,5104
95161-30516,50,5104
96411-45000,30,5104
96451-00600,50,5104
96711-24019,10,5104
96711-24030,24,5104
96721-24015,78,5104
96721-24020,35,5104
96723-35028,15,5104
96761-24040,30,5104
99132-11230-76,30,5104
99132-21230-76,150,5104
99332-10910-8T,116,5104
99366-C2200,8,5104
99366-H1680,11,5104
99366-H1810,8,5104
99367-31350,19,5104
99367-H2120,49,5104
99367-K1550,6,5104
99914-11214,23,5104
A2010EA09C,20,5104
A3270JK20A,24,5104
A667006J0A,11,5104
B1010W36XF,8,5104
B8893CT18E,49,5104
B8913JK00A,5,5104
C97411LB0J,64,5104
C97DAJA00K,11,5104
D1060EM30C,7,5104
D1060ZP00C,47,5104
D106M1HAXC,385,5104
D106MJD0XA,15,5104
D40601UY6A,20,5104
D40604EA0B,51,5104
D4060JA00J,4,5104
D406M1JZXA,149,5104
D4100WK585,41,5104
D8510VK90A,42,5104
D8680VS41A,5,5104
E43033TA1B,7,5104
E45022S485,10,5104
E45032S485,10,5104
E4524VK385,10,5104
E61103S125,23,5104
E6110EB74B,1,5104
E61AA1CB1C,10,5104
G2G1689900,68,5104
N50425DA1B,80,5104
N50425DA2B,24,5104
SU003-00394,6,5104
SU003-04554,14,5104
04111-0C109,1,5105
04111-30659,14,5105
04111-36174,3,5105
04438-42180,1,5105
04465-0W141,4,5105
04466-02430,1,5105
11176-51010,1,5105
11193-70010,300,5105
12361-31090,2,5105
12363-36040,1,5105
12372-21330,1,5105
13041-0C060-04,3,5105
13503-50011,2,5105
13561-31010,2,5105
15100-71010,2,5105
152092W200,4,5105
15678-37010,1,5105
16031-31011,1,5105
16380-38010,1,5105
16571-31130,1,5105
16571-75233,1,5105
16620-31051,1,5105
43232EB70A,2,5105
43524-35010,1,5105
45470-39345,1,5105
47629-60010,2,5105
48530-0C132,1,5105
48815-33101,18,5105
48815-33150,2,5105
48815-50151,1,5105
48820-52030,8,5105
52206-35040,6,5105
53122-48050,3,5105
89408-60030,1,5105
90201-11034,4,5105
90916-03138,1,5105
90916-T2047,1,5105
90942-01082,1,5105
