0W20 SP-12X1L,132,5100
0W20 SP-4X4L,75,5100
10W40 API CI-4 -208L,5,5100
10W40 API SM - BULK,64,5100
10W40 SN - 208L,5,5100
10W40 SN - 4X4L,200,5100
15W40 CF-4 -4X4L,4,5100
15W40 CI-4 - 208L,19,5100
15W40 CI-4 - 20L,11,5100
15W40 CI-4-4X5L,324,5100
15W40 CK-4 - 208L,4,5100
15W40 CK-4 - 4X4L,4,5100
20W50 CH-4 -208L,9,5100
20W50 CH-4 -20L,29,5100
20W50 CH-4 -4X5L,175,5100
20W50 SL - 12X1L,131,5100
20W50 SL - 208L,6,5100
20W50 SL - 4X4L,600,5100
5W30 SN - 12X1L,71,5100
5W30 SN - 208L,4,5100
5W30 SN - 4X4L,301,5100
5W40 SN - 4X4L,186,5100
5W40 SN-12X1L,48,5100
80W90 GL5-208L,3,5100
85W140 GL-5 -208L,5,5100
85W140 GL-5 -4X4L,150,5100
ATF DEX III - 1X12L,2,5100
ATF DEX III - 4X4L,238,5100
BRAKEOIL D3 - 24X500,175,5100
BRAKEOIL D4 - 24X500,196,5100
CLNT GRN 33% - 4X4L,87,5100
CLNT GRN50%-1X20L,40,5100
FLUSHING OIL,94,5100
GREASE Li EP2,1,5100
GREASE Li EP3,3,5100
HYDOIL - 46 AW -208L,4,5100
HYDOIL - 46 AW -20L,246,5100
HYDOIL - 68 AW - 208,18,5100
HYDOIL - 68 AW - 20L,423,5100
HYDOIL-46 AW - 4X4L,2,5100
01125N0111,1,5102
04111-0C098,2,5102
04111-11026,1,5102
04111-30579,19,5102
04111-31684,2,5102
04152-31090,7,5102
04311-12110,1,5102
04311-35080,370,5102
04313-60190,4,5102
04371-27011,1,5102
04371-36080,10,5102
04375-60070,22,5102
04427-0C020,1,5102
04427-60121,1,5102
04428-02B00,3,5102
04428-78031,1,5102
04434-60090,2,5102
04437-06220,3,5102
04437-12400,4,5102
04437-60091,2,5102
04437-78011,1,5102
04438-06410,1,5102
04445-33110,4,5102
04465-0D150,10,5102
04465-0E010,1,5102
04465-0K110,1,5102
04465-0K160,7,5102
04465-0K290,4,5102
04465-0K330,1,5102
04465-0K380,1,5102
04465-0W141,3,5102
04465-12630,4,5102
04465-14081,1,5102
04465-26440,5,5102
04465-30320,1,5102
04465-33210,21,5102
04465-33490,3,5102
04465-47070,1,5102
04465-48100,3,5102
04465-48220,10,5102
04465-60370,10,5102
04465-YZZAB,79,5102
04465-YZZE2,1,5102
04465-YZZF3,1,5102
04465-YZZT6,2,5102
04466-0E070,5,5102
04466-22190,4,5102
04466-30210,2,5102
04466-33220,5,5102
04466-33230,3,5102
04466-50091,1,5102
04466-50120,1,5102
04466-53010,8,5102
04466-YZZAA,1,5102
04466-YZZAE,3,5102
04466-YZZAG,1,5102
04466-YZZAN,4,5102
04478-60080,3,5102
04479-35040,1,5102
04479-36020,2,5102
04495-26250,20,5102
04495-35170,1,5102
04495-42070,3,5102
04495-52140,2,5102
04906-35140,4,5102
04906-36170,1,5102
04946-33060,29,5102
04947-02150,1,5102
04947-14020,4,5102
04947-60100,2,5102
04952-02220,4,5102
08813-80100,10,5102
08823-80270,48,5102
08880-83713,42,5102
08885-81936,48,5102
08886-01805,30,5102
08886-80807,21,5102
08886-81250,24,5102
09116-60020,3,5102
11071-31050-02,1,5102
11101-54150,1,5102
11115-11010,3,5102
11115-13050,5,5102
11115-30032-A0,1,5102
11115-30032-B0,4,5102
11115-30032-C0,6,5102
11115-31091,3,5102
11115-51030-E0,3,5102
11132-31010,2,5102
11177-64010,5,5102
11193-36010,8,5102
11210-30110,1,5102
11213-31040,2,5102
11213-46030,1,5102
11213-97401,1,5102
11214-46011,1,5102
11214-50011,2,5102
11310-38060,1,5102
11320-30060,5,5102
11551-31011,30,5102
11701-58010-02,2,5102
11701-66031-03,1,5102
11705-30020,2,5102
11720EA200,109,5102
11720VJ2X0,1,5102
11721-28021-02,1,5102
11955JA10D,8,5102
12111AD20B,129,5102
1211853F00,2,5102
12180-21010,2,5102
12180-28010,1,5102
12204-20040,1,5102
12261-0H090,1,5102
12262-20020,3,5102
12262-22150,1,5102
12262-66030,11,5102
12305-25010,1,5102
12309-28161,4,5102
12361-0S020,5,5102
12361-22090,5,5102
12361-25041,1,5102
12361-28110,1,5102
12361-31090,2,5102
12361-31301,1,5102
12361-50170,8,5102
12363-20120,1,5102
12363-31040,4,5102
13011-23073,3,5102
13011-31130,6,5102
13011-55012,30,5102
13011-58072,1,5102
13011-77041,37,5102
13013-75100,6,5102
13041-31090-01,14,5102
13041-31090-02,2,5102
13041-31090-03,3,5102
13041-38070-02,4,5102
13050-0D010,4,5102
13101-21040,1,5102
13101-21080,4,5102
13101-21160,1,5102
13101-22170,1,5102
13101-30102-02,1,5102
13101-54101-02,12,5102
13101-54120-02,5,5102
13103-54120,2,5102
13103-73010,1,5102
13103-75041,1,5102
13103-75120,1,5102
13201-51021-A0,2,5102
13204-66031,9,5102
13251-28020-A0,171,5102
13281-28011-02,8,5102
13281-36021-02,4,5102
13408-17020,2,5102
13506-73010,56,5102
13506-75070,1,5102
13524-74020,1,5102
13540-88570,1,5102
13559-31030,3,5102
13561-38060,4,5102
13568-09041,48,5102
13568-19175,1,5102
13711-24011,2,5102
13711-66020,1,5102
13711-75021,2,5102
13711-75100,1,5102
13715-15010,2,5102
13753-54010,2,5102
13753-64490,4,5102
15100-28040,5,5102
15100-44020,162,5102
15103-0C020,2,5102
15103-31080,1,5102
15119-0H030,1,5102
15188-38030,2,5102
15678-21010,1,5102
15785-31010,8,5102
16100-39436,2,5102
16100-39456,1,5102
16100-39545,1,5102
16110-19106,6,5102
16258-75010,1,5102
16261-48040,4,5102
16321-0A040,1,5102
16322-38010,1,5102
16326-36010,2,5102
16361-0V140,4,5102
16361-38020,5,5102
16363-20270,1,5102
16400-31354,2,5102
16401-31650,5,5102
16401-31822,22,5102
16401-36030,5,5102
16401-54750,3,5102
16405-0C020,1,5102
16405-50080,1,5102
16546JG30A,1,5102
16546JK20B,76,5102
16546VB000,1,5102
16571-20020,1,5102
16593-25030,1,5102
16595-25030,1,5102
16603-38030,2,5102
16604-50030,2,5102
16711-0N041,1,5102
16711-28300,4,5102
16711-51021,1,5102
16711-66020,2,5102
17109-31015,2,5102
17451-21070,1,5102
17565-13030,12,5102
17565-47010,1,5102
17801-0L040,195,5102
17801-11090,3,5102
17801-17020,2,5102
17801-20040,4,5102
17801-30050,81,5102
17801-54100-8T,26,5102
17801-61030,1,5102
17801-64010,4,5102
17801-AZA31,1,5102
17801-BZ150,1,5102
19102-46011,2,5102
19133-75010,4,5102
19850-54090,62,5102
2120058G04,2,5102
214104CG0A,1,5102
22104-6A290,1,5102
22104-6A640,7,5102
22176-54020,1,5102
224015M014,10,5102
22401ED71B,1,5102
22401JA01B,22,5102
22602-56350,1,5102
23030-79035,32,5102
23100-35040,1,5102
23220-0C211,13,5102
23239-21010,4,5102
23300-50110,1,5102
23300-50150,24,5102
23380-17471,1,5102
23600-19075,3,5102
23600-59325,2,5102
23620-19105,1,5102
25634-17010,1,5102
27415-0L030,1,5102
27444-21190,5,5102
28100-75091,1,5102
28140-0L260,3,5102
28226-64370,3,5102
31210-0W032,5,5102
31210-22101,10,5102
31210-60162,3,5102
31210-60340,19,5102
31230-60270,10,5102
31250-33032,2,5102
31250-35374,17,5102
31250-36623,1,5102
313971XF0C,23,5102
31410-35271,1,5102
31410-60432,2,5102
31410-60600,1,5102
3314233G10,31,5102
33251-60070,2,5102
33346-0K020,4,5102
33365-35021,5,5102
33366-35041,21,5102
33367-60020,1,5102
33394-36020,5,5102
33403-29315,1,5102
33403-69305,1,5102
34263-32010,1,5102
35168-12091,16,5102
35168-22011,19,5102
35168-22020,5,5102
35168-52010,4,5102
35168-52040,1,5102
35168-B1010,5,5102
35330-20012,1,5102
35330-48040,3,5102
35469-0K050,9,5102
35682-73020,7,5102
35743-33040,2,5102
383421LB0A,1,5102
41231-60040,1,5102
41651-30070,10,5102
41651-60010,2,5102
41653-24050,1,5102
42321-36060,2,5102
42323-60020,6,5102
42410-69026,1,5102
42419-60011,4,5102
42423-20010,5,5102
42423-60030,1,5102
42430-39145,2,5102
42601-60612,90,5102
43340-39605,3,5102
43340-59016,1,5102
43420-02C40,2,5102
43512-0K070,1,5102
43512-47040,2,5102
43550-50011,2,5102
43560-V3010,6,5102
44310-60520,1,5102
44348-26250,2,5102
44410-26A90,1,5102
44412-26450,7,5102
45046-69245,4,5102
45047-69146,2,5102
45450-69265,1,5102
45503-19125,2,5102
45503-35070,2,5102
45503-69015,4,5102
45535-13010,1,5102
45535-22080,7,5102
46420-42070,2,5102
46530-30021,3,5102
46530-50020,58,5102
46540-28020,2,5102
46540-60060,3,5102
47050-60290,2,5102
47716-33110,9,5102
47730-0K071,2,5102
47743-33340,1,5102
47748-60280,5,5102
47750-35140,1,5102
48068-05080,2,5102
48068-42060,2,5102
48068-60030,3,5102
48069-08040,1,5102
48157-42030,1,5102
48212-6A040,2,5102
48310-60111,3,5102
48331-12210,10,5102
48331-26140,1,5102
48331-42080,2,5102
48510-09R30,1,5102
48510-80381,1,5102
48510-80583,1,5102
48511-12290,20,5102
48511-80169,2,5102
48520-80303,1,5102
48530-02680,1,5102
48530-49215,1,5102
48530-59335,2,5102
48530-69395,2,5102
48531-48133,13,5102
48531-69795,1,5102
48536-60010,1,5102
48609-33210,1,5102
48610-0K010,1,5102
48630-0K040,2,5102
48630-60040,2,5102
48632-26090,1,5102
48632-60010,1,5102
48654-50010,5,5102
48655-36010,1,5102
48674-26040,4,5102
48680-30300,3,5102
48702-60120,3,5102
48710-60090,3,5102
48725-05091,2,5102
48740-33100,2,5102
48740-60150,1,5102
48802-60030,1,5102
48810-0K010,1,5102
48815-02230,12,5102
48815-05070,1,5102
48815-26250,3,5102
48815-28010,2,5102
48815-28180,5,5102
48815-42020,4,5102
48815-60210,5,5102
48818-12160,1,5102
48818-20260,1,5102
48818-48010,1,5102
48820-60050,1,5102
48821-52040,2,5102
48830-60030,1,5102
51442-33070,1,5102
52113-42100,1,5102
52115-35153,1,5102
52119-60988,3,5102
52127-12903,58,5102
52130-0K021,8,5102
52159-48903,2,5102
52453-42900,1,5102
52521-60140,2,5102
52526-60040,5,5102
52536-33060,1,5102
53101-60450,1,5102
53112-60110,1,5102
53122-0K390,1,5102
53207-36090,2,5102
53301-60690,1,5102
53450-0W071,2,5102
53455-14020,3,5102
53510-60220,9,5102
53739-60010,2,5102
53801-60D50,2,5102
53802-60D70,1,5102
53805-26010,4,5102
53826-33060,2,5102
53876-33190,1,5102
546681AA0E,26,5102
54668EG03B,3,5102
551A11LB0B,1,5102
55447-60030-C0,107,5102
56115-30100-1,50,5102
56116-22050,2,5102
58190-60120,1,5102
61617-42040,1,5102
61698-12905,3,5102
63494-60110,3,5102
638411LT0A,4,5102
638423BN0A,1,5102
64607-06240,4,5102
64610-02050,2,5102
67620-60221-B2,1,5102
67861-60110,1,5102
67881-60040,6,5102
68172-02140,1,5102
68173-60050,2,5102
68210-90K00,13,5102
68710-12151,5,5102
68960-26037,3,5102
68960-26198,1,5102
69057-60211,4,5102
69202-06050,4,5102
69210-33070,1,5102
69230-26070,5,5102
69278-60010-03,1,5102
69310-60070,1,5102
69820-60140,1,5102
74610-13011-B1,2,5102
75301-12380,2,5102
75444-12B20,2,5102
75535-60020,1,5102
75536-60010,1,5102
75547-51021,4,5102
75710-12780,1,5102
75710-33140,1,5102
75720-60070,12,5102
75732-33110-A0,2,5102
75740-60050,3,5102
75741-0K903,2,5102
76180-35031-A0,1,5102
76621-60070,2,5102
76622-60060,1,5102
77020-33511,1,5102
77020-60362,1,5102
77020-60372,1,5102
77024-50021,5,5102
77300-28010,2,5102
77350-12410,4,5102
81106-0K010,41,5102
81111-20280,1,5102
81131-52010,1,5102
81166-48020,26,5102
81170-0K370,1,5102
81193-12050,2,5102
81230-30200,1,5102
81270-60201,2,5102
81278-95J07,1,5102
81561-0K271,3,5102
81581-30490,1,5102
82662-06170,1,5102
83520-60051,2,5102
84210-52010,1,5102
85044-60090-A2,15,5102
85211-60200,1,5102
85212-60250,1,5102
85214-10100,1,5102
85214-28080,1,5102
85214-28090,1,5102
85214-52110,1,5102
85214-53090,10,5102
85214-78020,2,5102
85310-22080,1,5102
85349-89122,3,5102
86510-50170,2,5102
86520-26200,1,5102
87139-06080,1,5102
87139-30110,33,5102
87931-60B30,4,5102
88410-33190,1,5102
88440-0K381,18,5102
88440-60100,1,5102
88719-33020,1,5102
89170-50170,1,5102
89293-60081,2,5102
89348-71010-A1,9,5102
89407-60040,1,5102
89491-36080,1,5102
89491-60100,1,5102
89543-60030,1,5102
89904-20030,50,5102
89960-42100,2,5102
90010-03056,1,5102
90099-10140,1,5102
90099-14127,5,5102
90099-33080,3,5102
90105-17003,8,5102
90109-08244,4,5102
90110-10003,1,5102
90119-12278,1,5102
90119-12312,6,5102
90126-12010,1,5102
90170-14026,2,5102
90171-28006,9,5102
90178-11001,2,5102
90178-14017,6,5102
90179-10070,2,5102
90189-06013,1,5102
90210-08019,6,5102
90301-19021,5,5102
90301-43002,2,5102
90301-T0014,42,5102
90304-80002,2,5102
90310-25013,2,5102
90310-50006,4,5102
90311-30014,4,5102
90311-32012,19,5102
90311-34023,1,5102
90311-34026,8,5102
90311-35023,9,5102
90311-35056,17,5102
90311-40038,1,5102
90311-42010,7,5102
90311-43010,10,5102
90311-44003,1,5102
90311-45032,8,5102
90311-46007,1,5102
90311-48020,15,5102
90311-48025,2,5102
90311-50005,15,5102
90311-50044,6,5102
90311-92010,5,5102
90313-13002,2,5102
90341-18016,1,5102
90363-12020,2,5102
90363-12024,4,5102
90363-25035,3,5102
90364-38011,7,5102
90364-39016,1,5102
90366-50177,1,5102
90369-45003,15,5102
90369-48001,3,5102
90381-30006,3,5102
90385-13008,4,5102
90385-18068,4,5102
90385-19006,2,5102
90385-T0009,1,5102
90386-18002,1,5102
90389-14056,1,5102
90468-08035,10,5102
90520-99158,34,5102
90541-15111,2,5102
90560-40008,2,5102
90903-89012,11,5102
90910-02162,5,5102
90913-02089,1,5102
90913-02096,1,5102
90916-02059,2,5102
90916-02523,5,5102
90916-02566,49,5102
90916-02589,1,5102
90916-02592,1,5102
90916-02599,1,5102
90916-02606,3,5102
90916-02708,1,5102
90916-03093,5,5102
90916-03145,9,5102
90916-03151,3,5102
90919-01153,1,5102
90919-01247,50,5102
90919-02258,29,5102
90919-02259,75,5102
90919-02262,2,5102
90919-02273,3,5102
90919-05026,6,5102
90919-05036,1,5102
90919-YZZAA,10,5102
90919-YZZAD,10,5102
90919-YZZAF,20,5102
90942-01033,19,5102
90942-01082,1,5102
90942-01109,20,5102
90942-02072,1,5102
90942-02081,2,5102
90942-02082,70,5102
90947-02905,12,5102
90948-02159,4,5102
90950-06124,1,5102
90982-09016,4,5102
90982-09021,1,5102
96134-52600,3,5102
99132-12100-1,25,5102
99332-11260-8T,1,5102
99363-K1200,1,5102
D10605KA0A,1,5102
01125N0111,50,5104
0151500Q0C,30,5104
0155301A50,50,5104
0155309241,15,5104
015532109E,49,5104
02117010XC,67,5104
02117245XC,1242,5104
02117935XC,193,5104
04111-0C109,43,5104
04111-0C210,130,5104
04111-0E042,46,5104
04111-0Q023,19,5104
04111-11026,11,5104
04111-11140,4,5104
04111-11141,1,5104
04111-16231,16,5104
04111-17020,16,5104
04111-17021,2,5104
04111-17060,3,5104
04111-17140,4,5104
04111-20630,2,5104
04111-21045,25,5104
04111-21372,11,5104
04111-22513,12,5104
04111-22701,23,5104
04111-22842,13,5104
04111-22912,2,5104
04111-25241,7,5104
04111-28196,13,5104
04111-28824,17,5104
04111-28884,14,5104
04111-30521,3,5104
04111-30579,24,5104
04111-30659,23,5104
04111-31252,8,5104
04111-31445,87,5104
04111-31712,90,5104
04111-31713,5,5104
04111-31853,151,5104
04111-31A43,13,5104
04111-31B52,75,5104
04111-31D21,24,5104
04111-31D32,2,5104
04111-36126,57,5104
04111-36174,10,5104
04111-37097,34,5104
04111-38164,1,5104
04111-38291,25,5104
04111-47077,98,5104
04111-50180,8,5104
04111-50410,67,5104
04111-51045,2,5104
04111-51051,1,5104
04111-54600,2,5104
04111-58061,2,5104
04111-61044,1,5104
04111-74641,9,5104
04111-74780,10,5104
04111-75102,15,5104
04111-75112,2,5104
04111-75B11,132,5104
04111-75D00,12,5104
04111-75D40,29,5104
04111-75E00,3,5104
04111-BZ127,2,5104
04152-31090,337,5104
04152-38010,200,5104
04152-38020,407,5104
04152-YZZA5,429,5104
04152-YZZD1,570,5104
04152-YZZD3,863,5104
04152-YZZD4,854,5104
04152-YZZD7,97,5104
04175-51041,3,5104
04226-30020,15,5104
04311-26050,5,5104
04311-35080,1347,5104
04311-55022,3,5104
04311-60100,2,5104
04311-60110,2,5104
04311-60180,3,5104
04313-0K010,6,5104
04313-0K080,10,5104
04313-28020,36,5104
04313-36150,3,5104
04313-37030,17,5104
04313-60140,6,5104
04331-36251,1,5104
04331-60160,1,5104
04362-42020,7,5104
04362-48010,29,5104
04362-60050,6,5104
04362-60080,6,5104
04362-60830,5,5104
04371-04080,1,5104
04371-27011,14,5104
04371-36050,3,5104
04371-36080,125,5104
04371-60070,463,5104
04371-60210,16,5104
04412-0K510,15,5104
04423-33060,9,5104
04427-02630,9,5104
04427-0K090,89,5104
04427-0R104,35,5104
04427-52897,29,5104
04427-60093,27,5104
04427-60132,13,5104
04427-60142,26,5104
04428-02A90,6,5104
04428-02B00,2,5104
04428-06610,4,5104
04428-07080,3,5104
04428-0W070,30,5104
04428-35012,5,5104
04428-78031,19,5104
04434-60151,2,5104
04437-06220,20,5104
04437-12400,34,5104
04437-60042,91,5104
04437-60053,5,5104
04437-78011,9,5104
04438-06620,10,5104
04438-07090,14,5104
04438-42201,49,5104
04438-44052,7,5104
04438-78011,13,5104
04445-06050,28,5104
04445-26240,11,5104
04445-33110,17,5104
04445-35120,3,5104
04445-35180,20,5104
04445-50040,10,5104
04446-06060,5,5104
04446-10021,19,5104
04446-26050,25,5104
04446-30030,3,5104
04446-30173,7,5104
04446-32050,7,5104
04446-60080,10,5104
04465-02220,2838,5104
04465-02370,27,5104
04465-02391,220,5104
04465-02440,19,5104
04465-02530,31,5104
04465-04070,5,5104
04465-05090,3,5104
04465-05270,1,5104
04465-06090,509,5104
04465-06110,15,5104
04465-07020,31,5104
04465-0C020,955,5104
04465-0D150,94,5104
04465-0K020,515,5104
04465-0K110,487,5104
04465-0K130,3,5104
04465-0K190,29,5104
04465-0K240,2,5104
04465-0K290,1983,5104
04465-0K370,4,5104
04465-0K380,17,5104
04465-0K431,60,5104
04465-0K590,113,5104
04465-0T010,15,5104
04465-0W060,15,5104
04465-0W110,1,5104
04465-0W141,5,5104
04465-12592,15,5104
04465-12610,23,5104
04465-12630,117,5104
04465-12670,243,5104
04465-13050,2,5104
04465-14081,9,5104
04465-20550,85,5104
04465-26440,261,5104
04465-30450,291,5104
04465-30491,88,5104
04465-30500,23,5104
04465-30510,5,5104
04465-32230,9,5104
04465-33471,131,5104
04465-36090,2,5104
04465-37220,36,5104
04465-37340,15,5104
04465-42130,1,5104
04465-42180,14,5104
04465-47030,356,5104
04465-47070,149,5104
04465-47100,73,5104
04465-48100,16,5104
04465-48190,127,5104
04465-48220,40,5104
04465-52200,44,5104
04465-60030,1,5104
04465-60220,10,5104
04465-60300,3,5104
04465-B1420,21,5104
04465-BZ170,136,5104
04465-F4010,3,5104
04465-YZZ51,22,5104
04465-YZZ53,14,5104
04465-YZZAB,24,5104
04465-YZZF3,27,5104
04465-YZZF4,137,5104
04465-YZZF5,8,5104
04465-YZZF9,2,5104
04465-YZZJ5,5,5104
04465-YZZJ6,125,5104
04465-YZZJ8,1,5104
04465-YZZQ9,511,5104
04465-YZZT6,39,5104
04465-YZZT8,157,5104
04465-yzzt9,68,5104
04465-YZZU2,45,5104
04466-02181,7,5104
04466-22190,26,5104
04466-26030,159,5104
04466-30210,64,5104
04466-33220,224,5104
04466-33230,63,5104
04466-42060,45,5104
04466-44010,33,5104
04466-45010,4,5104
04466-47110,28,5104
04466-48090,8,5104
04466-53010,23,5104
04466-58010,212,5104
04466-60020,5,5104
04466-60070,31,5104
04466-60140,5,5104
04466-60161,96,5104
04466-78020,21,5104
04466-F4010,21,5104
04466-YZZAA,48,5104
04466-YZZAE,38,5104
04466-YZZAH,21,5104
04466-YZZAN,10,5104
04466-YZZAQ,4,5104
04466-YZZBE,15,5104
04478-0C050,12,5104
04478-0E030,36,5104
04478-0K250,10,5104
04478-22040,106,5104
04478-33160,13,5104
04478-58010,15,5104
04478-60080,34,5104
04479-02310,3,5104
04479-30580,7,5104
04479-35040,2,5104
04479-48120,3,5104
04479-48140,6,5104
04479-60060,7,5104
04479-60081,2,5104
04483-0K050,7,5104
04484-60110,22,5104
04484-60130,21,5104
04493-60300,1,5104
04494-36300,16,5104
04494-36320,16,5104
04494-60021,3,5104
04495-01040,3,5104
04495-06050,314,5104
04495-0D060,40,5104
04495-0K060,53,5104
04495-0K120,183,5104
04495-0K140,45,5104
04495-26240,40,5104
04495-26250,30,5104
04495-42070,4,5104
04495-52121,9,5104
04495-52140,34,5104
04495-60070,188,5104
04495-B1320,3,5104
04906-35130,10,5104
04906-36170,14,5104
04906-36181,115,5104
04942-0K070,9,5104
04942-0k080,2,5104
04942-26010,17,5104
04943-0K070,13,5104
04943-12010,3,5104
04945-02250,10,5104
04945-0K250,2,5104
04945-12111,1,5104
04945-33260,15,5104
04945-33300,22,5104
04945-35120,4,5104
04945-50080,3,5104
04945-60010,4,5104
04945-60090,26,5104
04946-30100,1,5104
04946-33070,2,5104
04946-48110,32,5104
04947-02150,2,5104
04947-08040,21,5104
04947-0K040,10,5104
04947-0K100,36,5104
04947-26090,4,5104
04947-48050,5,5104
04947-48080,1,5104
04947-50120,1,5104
04947-50130,14,5104
04947-60090,13,5104
04947-60140,2,5104
04948-33010,13,5104
04948-48070,6,5104
04949-12010,4,5104
0494A-37030,69,5104
08821-00830,95,5104
08826-00080,197,5104
08880-83320,757,5104
08880-83322,3990,5104
08880-83324,100,5104
08880-83713,2683,5104
08880-83714,4080,5104
08885-01806,25,5104
08885-02906,315,5104
08885-03106,5517,5104
08885-81081,50,5104
08885-81936,742,5104
08886-00705,3316,5104
08886-01805,3042,5104
08886-02806,1754,5104
08886-02905,268,5104
08886-81250,24,5104
08886-81905,2728,5104
08889-80070,34,5104
089129421A,249,5104
089129441A,48,5104
09114-60070,1,5104
09114-60080,9,5104
09115-35110,35,5104
11011-0C010,92,5104
11011-50010,3,5104
11011-67020,1,5104
11011-75020,15,5104
11013-51010,12,5104
11026HG00F,5,5104
1106243G00,9,5104
110626N20A,50,5104
11062AD20A,2,5104
11062ED01A,17,5104
11062EN200,48,5104
11071-31050-02,58,5104
11071-38010-D5,18,5104
11071-50021-01,25,5104
11071-50021-03,17,5104
11071-51010-02,5,5104
11071-51010-03,2,5104
11115-11010,78,5104
11115-13041,9,5104
11115-15073,27,5104
11115-15090,4,5104
11115-16082,1,5104
11115-16111,86,5104
11115-20042,7,5104
11115-21091,474,5104
11115-30032-B0,62,5104
11115-30032-C0,6,5104
11115-31041,1,5104
11115-31080,12,5104
11115-31091,39,5104
11115-38021,4,5104
11115-40060,2,5104
11115-46052,34,5104
11115-46060,8,5104
11115-47050,21,5104
11115-50080,4,5104
11115-51030-A0,2,5104
11115-51030-C0,1,5104
11115-54130-D0,3,5104
11115-54130-F0,9,5104
11115-58110,5,5104
11115-58151,2,5104
11115-64141-03,7,5104
11115-64170-C0,10,5104
11115-64190-03,9,5104
11115-64200-03,8,5104
11115-74070,12,5104
11115-74130,13,5104
11115-75010,5,5104
11115-75031,14,5104
11115-75070,10,5104
11115-75090,39,5104
11115-79015,5,5104
11115-88410,9,5104
11115-88460,6,5104
11115-88580,18,5104
11115-B1030,46,5104
11115-B1050,2,5104
11116-31060,11,5104
11116-31071,1,5104
11116-38010,69,5104
11116-50060,10,5104
11116-51030-B0,7,5104
11116-62081,9,5104
1112131U00,98,5104
1112131U10,52,5104
11122-16020,10,5104
11122-17010,1,5104
11122-47010,30,5104
11123-0R010,80,5104
11126-15020,2,5104
11166-67020,16,5104
11176-0L011,38,5104
11176-27011,316,5104
11183-54011,1,5104
11183-74010,16,5104
11188-11010,8,5104
11188-65010,11,5104
11193-38020,434,5104
11193-70010,748,5104
11201-75073,2,5104
11213-15050,29,5104
11213-15071,1,5104
11213-17030,22,5104
11213-21020,12,5104
11213-22030,3,5104
11213-22050,57,5104
11213-30021,19,5104
11213-30040,28,5104
11213-31030,22,5104
11213-31040,63,5104
11213-31050,308,5104
11213-31080,20,5104
11213-38030,38,5104
11213-46020,3,5104
11213-46030,10,5104
11213-47020,9,5104
11213-50021,13,5104
11213-54050,3,5104
11213-67010,56,5104
11213-70040,24,5104
11213-88381,4,5104
11213-88400,1,5104
11213-97401,47,5104
11214-0C011,370,5104
11214-31010,59,5104
11214-31070,3,5104
11214-38010,44,5104
11214-38020,7,5104
11214-46011,63,5104
11214-51010,56,5104
11214-75012,214,5104
11214-88560,3,5104
112203XA0B,11,5104
11220JR50C,18,5104
11228-56010,38,5104
11253-60010,57,5104
11301-17021,2,5104
11301-17030,9,5104
11301-58021,1,5104
11310-31014,2,5104
11310-38060,11,5104
11310-38110,2,5104
11310-75074,9,5104
11320-30021,187,5104
11320-30090,1,5104
11320JR70D,5,5104
11328-88600,11,5104
11329-75021,10,5104
11381-31010,2,5104
11400-7U010,2,5104
11410-79025,2,5104
11444-67020,15,5104
11492-20010,2,5104
11551-31011,170,5104
11701-0E010-02,41,5104
11701-17011-02,44,5104
11701-17011-04,18,5104
11701-22011-01,3,5104
11701-22011-02,67,5104
11701-25010-01,25,5104
11701-31080-02,36,5104
11701-31080-04,10,5104
11701-31080-05,7,5104
11701-31100-B2,10,5104
11701-37050-02,5,5104
11701-46020-04,1,5104
11701-50032-03,18,5104
11701-66031-04,1,5104
11704-21032,2,5104
11704-75033,42,5104
11705-17011,3,5104
11711-28021-03,119,5104
11711-36050-02,22,5104
1172006J01,10,5104
1172030WXM,87,5104
1172043GXA,19,5104
117206N2X0,24,5104
11720EL00A,69,5104
11721-28021-01,20,5104
11721-28021-02,11,5104
11791-22020,25,5104
11791-28020,32,5104
119200F0XM,2,5104
119202Y501,223,5104
1192031UXB,2,5104
1192060UXA,38,5104
119208N2X0,84,5104
1195067SX1,41,5104
11950VB20A,48,5104
1203003J01,69,5104
1203031U61,10,5104
1203040F0A,100,5104
1203306J11,1,5104
12033EN20B,10,5104
12101-31180,10,5104
12102-38010,30,5104
121111MC1A,4,5104
12111JK22A,3,5104
1211731U10,144,5104
12157-10010,4484,5104
12180-21010,1,5104
12195-46011,6,5104
12204-15050,6,5104
12204-20020,67,5104
12204-20040,53,5104
12204-22051,8,5104
12204-37010,44,5104
12204-50030,219,5104
122071MR0A,100,5104
1220760J00,5,5104
12207AR010,15,5104
12207AR013,4,5104
12207AR014,1,5104
12215BC20A,10,5104
12215CK800,50,5104
12261-0C020,2,5104
12261-17010,42,5104
12261-21050,21,5104
12261-22050,4,5104
12261-31030,25,5104
12261-31050,12,5104
12261-31070,83,5104
12261-31170,6,5104
12261-38020,41,5104
1226140F00,10,5104
12261-50050,23,5104
12261-66021,11,5104
12261-75100,15,5104
12262-22150,3,5104
12262-38070,6,5104
12262-74050,5,5104
12303-54071,2,5104
12305-0M132,77,5104
12305-0Y110,7,5104
12305-21220,9,5104
12305-22380,19,5104
12305-28231,41,5104
12305-31020,2,5104
12305-36060,4,5104
12305-37070,333,5104
12305-75100,56,5104
12306-75040,35,5104
12309-0H071,8,5104
12309-31080,108,5104
12360-20090,15,5104
12360-31070,1,5104
12361-17040,8,5104
12361-17050,9,5104
12361-21100,93,5104
12361-31081,83,5104
12361-31090,130,5104
12361-31101,3,5104
12361-31171,7,5104
12361-31240,13,5104
12361-31301,40,5104
12361-35091,11,5104
12361-36130,78,5104
12361-36150,3,5104
12361-37050,2,5104
12361-50170,106,5104
12361-50190,28,5104
12361-51030,29,5104
12361-65011,5,5104
12361-67030,3,5104
12361-75021,11,5104
12362-22010,1,5104
12362-31060,13,5104
12362-31090,9,5104
12362-50030,12,5104
12362-67010,1,5104
12362-BZ141,2,5104
12363-0A081,8,5104
12363-28061,8,5104
12363-31020,46,5104
12363-31033,61,5104
12363-31040,1,5104
12363-31060,40,5104
12371-0C091,25,5104
12371-0C210,10,5104
12371-0L210,18,5104
12371-17060,23,5104
12371-21041,6,5104
12371-21250,14,5104
12371-22130,4,5104
12371-22140,1,5104
12371-22240,12,5104
12371-28220,10,5104
12371-28250,2,5104
12371-31070,14,5104
12371-36100,5,5104
12371-36130,8,5104
12371-37110,26,5104
12371-38050,4,5104
12371-50060,7,5104
12371-50140,5,5104
12371-50170,6,5104
12371-50210,9,5104
12371-51070,6,5104
12371-67030,1,5104
12371-75050,4,5104
12372-20010,1,5104
12372-22200,33,5104
12372-28280,14,5104
12372-36060,17,5104
13011-11122,5,5104
13011-11212,5,5104
13011-22111,44,5104
13011-25080,8,5104
13011-28120,4,5104
13011-28130,1,5104
13011-37090,6,5104
13011-38120,9,5104
13011-47031,12,5104
13011-50141,8,5104
13011-54062,78,5104
13011-54100,8,5104
13011-54120,70,5104
13011-55012,43,5104
13011-58051,3,5104
13011-67030,1,5104
13011-71033,32,5104
13011-74361,19,5104
13011-75030,4,5104
13011-75120,4,5104
13013-13030,5,5104
13013-50150,29,5104
13013-50162,4,5104
13013-54130,3,5104
13013-64213,3,5104
13013-75090,1,5104
130280B7XE,1,5104
13028JF00A,22,5104
13041-17011-05,45,5104
13041-20011-02,7,5104
13041-21030-02,8,5104
13041-25020-01,40,5104
13041-26020-02,10,5104
13041-30030-02,30,5104
13041-31090-02,60,5104
13041-31090-03,34,5104
13041-31100-01,27,5104
13041-31100-02,9,5104
13041-31100-03,4,5104
13041-37010-02,10,5104
13041-37030-02,1,5104
13041-38060-02,173,5104
13041-38060-03,8,5104
13041-38070-02,27,5104
13041-47012-03,23,5104
13041-50031-03,12,5104
13041-50031-04,1,5104
13041-50031-05,23,5104
13041-51021-03,23,5104
13041-54024-02,84,5104
13041-58050-02,45,5104
13041-66031-04,25,5104
13041-74041-02,38,5104
13041-75070-04,639,5104
13041-75070-05,175,5104
13041-75070-06,42,5104
13042D0101,2,5104
13050-0D010,146,5104
13050-21041,53,5104
13050-31163,1,5104
13050-31190,33,5104
1305031U00,248,5104
1305031U05,25,5104
13050-36011,3,5104
13050-46010,18,5104
13050-75010,4,5104
13050-75040,4,5104
13050EN20B,3,5104
13070-36011,13,5104
130704KV0A,2,5104
13070-75010,7,5104
13079VC200,25,5104
13101-0E010-02,6,5104
13101-0W021-A0,30,5104
13101-17040-02,6,5104
13101-21080,54,5104
13101-22170,32,5104
13101-31030-A0,81,5104
13101-31120-A0,10,5104
13101-50082-02,4,5104
13101-54070-02,1,5104
13101-54120-02,25,5104
13101-75200,1,5104
13103-23020,10,5104
13103-74160,1,5104
13103-75041,22,5104
13103-75120,149,5104
13103-75130,586,5104
13103-75210,2,5104
13105-54070,6,5104
13201-09673,3,5104
13201-17022,2,5104
13201-38030,3,5104
13201-39235-A0,2,5104
13204-17011,2,5104
13204-30020,27,5104
13204-30030,7,5104
13204-66031,65,5104
13204-75070,9,5104
13251-28020-A0,36,5104
13251-28020-B0,24,5104
13265-22031,54,5104
13265-22040,70,5104
13265-28020,13,5104
132700M301,9,5104
132701CA0B,8,5104
1327031U02,46,5104
1327041B02,24,5104
132704M500,64,5104
132704M700,47,5104
1327070F01,16,5104
1327073C10,14,5104
132708H301,130,5104
132708J102,96,5104
132708J112,168,5104
132708P311,50,5104
1327095F0B,66,5104
1327095F0C,49,5104
13270AU300,42,5104
13270AX00A,9,5104
13270ED000,74,5104
13270EN200,198,5104
13270EY01A,7,5104
13270EY01B,29,5104
13270JG30A,49,5104
132714M501,592,5104
1327165F00,1,5104
1327170F00,20,5104
13271EY00A,100,5104
132762W201,25,5104
13281-28011-01,112,5104
13281-28011-02,34,5104
13301-50072-02,3,5104
13303-50051,6,5104
13401-31060,18,5104
13405-66030,3,5104
13408-17020,3,5104
13411-17012,2,5104
13470-31030,12,5104
13502-30050,5,5104
13505-17011,4,5104
13505-20010,2,5104
13506-0T130,28,5104
13506-28011,8,5104
13506-36010,5,5104
13506-75050,1,5104
13506-75070,45,5104
13507-0E011,70,5104
135101HC0A,39,5104
13519-28010,10,5104
13521-16010,23,5104
13521-22020,4,5104
13521-50022,7,5104
13521-54030,3,5104
13521-62031,10,5104
13521-65011,12,5104
13521-67020,6,5104
13521-74040,74,5104
13522-38020,5,5104
13522-66030,17,5104
13523-17010,18,5104
13523-75030,9,5104
13528-17010,1,5104
13528-50030,4,5104
13530-31011,4,5104
13530-31021,8,5104
13540-0Y010,1,5104
13540-31021,25,5104
13540-31031,3,5104
13540-38020,17,5104
13540-38042,82,5104
13540-50030,38,5104
13540-51020,4,5104
13540-66011,54,5104
13540-70021,20,5104
13540-75041,12,5104
13540-88382,9,5104
13540-88570,10,5104
13549-28012,12,5104
13550-75010,13,5104
13554-75010,20,5104
13554-75021,114,5104
13556-46010,11,5104
13559-31020,24,5104
13559-31030,26,5104
13559-36010,10,5104
13559-38010,14,5104
13559-75020,2,5104
13559-75050,1,5104
13559-75060,12,5104
13560-38021,60,5104
13561-21040,9,5104
13561-31010,8,5104
13561-38020,9,5104
13561-51020,6,5104
13561-75050,5,5104
13561-75060,37,5104
13561-76020,6,5104
13562-31010,59,5104
13562-47020,1,5104
13563-75010,11,5104
13563-75021,20,5104
13566-0C020,8,5104
13566-28010,10,5104
13566-40031,3,5104
13566-64011,3,5104
13568-19046,47,5104
13568-19176,2,5104
13568-49036,21,5104
13568-59095,6,5104
13568-69066,110,5104
13568-69085,81,5104
13568-69095,3,5104
13568-YZZ03,17,5104
13568-YZZ10,20,5104
13568-YZZ13,3,5104
13568-YZZ17,34,5104
13568-YZZ19,3,5104
13581-0L010,10,5104
13581-17012,5,5104
13591-23030,16,5104
13591-40041,10,5104
13597-75010,7,5104
13597-75020,9,5104
13601-28021,3,5104
13602-28020,16,5104
13711-30030,41,5104
13711-40050,10,5104
13711-50060,71,5104
13711-54020,45,5104
13711-66020,44,5104
13715-0C051,77,5104
13715-22030,10,5104
13715-23040,6,5104
13715-50060,4,5104
13715-62050,17,5104
13715-75140,6,5104
13741-50030,9,5104
13741-54020,5,5104
13750-26010,103,5104
13750-31010,14,5104
13750-31030,71,5104
13750-75020,25,5104
13751-21240,16,5104
13751-46040,15,5104
13751-46050,21,5104
13751-46060,5,5104
13751-46070,2,5104
13751-46080,1,5104
13751-46120,17,5104
13751-46300,24,5104
13753-16501,1,5104
13753-22070,16,5104
13753-22240,8,5104
13753-54440,3,5104
13753-64450,3,5104
13753-74090,1,5104
13753-74270,12,5104
13753-74290,6,5104
13753-74330,1,5104
13801-17010,2,5104
13801-36020,33,5104
13819-17010,7,5104
14032JK21A,32,5104
140357S000,4,5104
14035ED000,34,5104
14035JP00A,21,5104
140361LA0A,21,5104
1403653F01,80,5104
140366N200,25,5104
14036EA200,20,5104
14056VB002,3,5104
14056VB004,3,5104
14056VB005,21,5104
14056VJ204,3,5104
1446543G21,39,5104
144654P200,19,5104
15066AD200,6,5104
15066ZL80C,92,5104
15100-11071,8,5104
15100-20050,1,5104
15100-21032,16,5104
15100-23020,65,5104
15100-27030,23,5104
15100-28020,5,5104
15100-28040,1,5104
15100-44020,117,5104
15100-71010,3,5104
15103-31050,14,5104
15103-38060,17,5104
15104-0C050,6,5104
15115-31050,24,5104
15115-66020,3,5104
15147-31060,4,5104
15149-22010,67,5104
15163-66021,18,5104
15165-74020,21,5104
15183-66020,2,5104
15188-11012,2,5104
15188-38030,30,5104
15193-36010,13,5104
15193EB70A,20,5104
15197-74030,44,5104
15208BN30A,499,5104
15301-54080,53,5104
15310-10010,54,5104
15330-23010,11,5104
15330-37020,1,5104
15330-46011,44,5104
15340-50011,19,5104
15472-30010,40,5104
15605-17030,4,5104
15605-54010,24,5104
15620-31060,100,5104
15620-36020,11,5104
15650-38020,1,5104
15650-38050,9,5104
15678-21010,23,5104
15678-31010,128,5104
15678-32010,13,5104
15678-46020,30,5104
15692-76010,12,5104
15708-75020,8,5104
15710-31040,3,5104
15710-31090,7,5104
15710-66020,3,5104
15725-67010,7,5104
15778-62030,2,5104
15785-35010,9,5104
15785-38010,195,5104
15797-31010,29,5104
16031-0Y010,22,5104
16031-24011,26,5104
16031-31011,117,5104
16031-38010,57,5104
16100-09460,66,5104
16100-0H050,9,5104
16100-19325,14,5104
16100-29117,13,5104
16100-29135,8,5104
16100-29158,82,5104
16100-39426,12,5104
16100-39486,8,5104
16100-39496,22,5104
16100-39516,38,5104
16100-39545,15,5104
16100-39555,29,5104
16100-39595,29,5104
16100-49847,13,5104
16100-79445,50,5104
16100-80007,19,5104
16110-19106,14,5104
16175JA00A,100,5104
161A0-29015,39,5104
16210-31040,3,5104
16210-38082,5,5104
16210-50051,38,5104
16210-50072,18,5104
16210-50090,5,5104
16210-50102,1,5104
16210-51020,10,5104
16210-51033,5,5104
16210-54230,16,5104
16210-75100,2,5104
16261-48040,11,5104
16261-50090,5,5104
16261-66050,14,5104
16261-75201,12,5104
16268-75112,10,5104
16268-75131,18,5104
16271-50010,14,5104
16281-75131,18,5104
16284-30070,5,5104
16307-51011,56,5104
16307-62030,13,5104
16321-0W010,7,5104
16321-50020,5,5104
16321-75020,7,5104
16322-31020,18,5104
16322-38010,4,5104
16325-28010,127,5104
16325-76010,116,5104
16331-0W010,7,5104
16331-13100,21,5104
16331-17030,2,5104
16341-35010,30,5104
16341-38030,44,5104
16341-50020,39,5104
16341-54040,9,5104
16346-50010,12,5104
16361-0V140,3,5104
16361-17040,1,5104
16361-31520,1,5104
16361-38020,24,5104
16361-50110,5,5104
16361-75030,9,5104
16363-0A150,39,5104
16363-0V370,4,5104
16363-20270,14,5104
16363-24160,6,5104
16363-28170,6,5104
16380-38010,31,5104
16380-38020,2,5104
16400-0L120,10,5104
16400-17380,9,5104
16400-25180,2,5104
16400-31354,12,5104
16400-38192,13,5104
16400-38290,2,5104
1640041BX0,454,5104
16400-50360,14,5104
16400-66171,2,5104
16400-75472,10,5104
16401-05040,219,5104
16401-15520,64,5104
16401-31650,124,5104
16401-36030,537,5104
16401-50071,10,5104
16401-50371,395,5104
16401-62090,79,5104
16401-7A470,10,5104
1640306J0A,39,5104
16405-36010,5,5104
16405-66030,1,5104
16470-75124,15,5104
16471-20020,8,5104
16475-28140,168,5104
164A2-37012,62,5104
16520-17022,1,5104
16523-20020,34,5104
16523-21030,3,5104
16523-74010,26,5104
165461BY0B,5,5104
165464KV0A,43,5104
16546EB70A,5,5104
16546EJ70A,39,5104
16546JK20A,5,5104
16546T3400,198,5104
16546VB000,45,5104
16571-17020,5,5104
16571-22130,13,5104
16571-25031,2,5104
16571-46200,5,5104
16571-50110,1,5104
16571-50180,24,5104
16571-50240,36,5104
16571-54490,7,5104
16571-66040,2,5104
16571-74360,4,5104
16571-75233,2,5104
16571-75260,118,5104
16572-0T300,3,5104
16572-17101,2,5104
16572-20100,4,5104
16572-25021,7,5104
16572-28220,9,5104
16572-31170,18,5104
16572-31420,4,5104
16572-36110,2,5104
16572-37090,16,5104
16572-38131,19,5104
16572-50180,78,5104
16572-75090,4,5104
16572-75241,16,5104
16573-21040,8,5104
16574-75030,2,5104
16574-75050,16,5104
16577-0T080,3,5104
16577-22031,12,5104
16577-37030,21,5104
16577-75040,17,5104
165782Y000,1,5104
16595-25030,9,5104
16601-0V010,36,5104
16601-28050,4,5104
16603-0C013,105,5104
16603-0C030,20,5104
16603-0W010,7,5104
16603-0W030,31,5104
16603-31040,79,5104
16603-38030,24,5104
16603-75020,124,5104
16604-31030,2,5104
16604-38020,41,5104
16604-50030,59,5104
16610-70010,20,5104
1661841B10,22,5104
16620-0C031,25,5104
16620-0s012,147,5104
16620-0W093,4,5104
16620-0W101,1098,5104
16620-0W131,72,5104
16620-11010,96,5104
16620-28090,127,5104
16620-30031,3,5104
16620-31013,51,5104
16620-31021,20,5104
16620-31051,46,5104
16620-31100,5,5104
16620-36030,11,5104
16620-70030,1,5104
16620-75031,2,5104
1662643G00,439,5104
16630-50011,60,5104
1663516A00,8,5104
16635J5570,15,5104
16659-31011,10,5104
16701R8100,20,5104
16711-0s011,45,5104
16711-0V200,20,5104
16711-17010,8,5104
16711-17151,1,5104
16711-31510,4,5104
16711-50090,1,5104
16870-38010,2,5104
17171-15030,9,5104
17171-22030,29,5104
17171-36020,2,5104
17171-51010,26,5104
17173-17010,15,5104
17173-21020,4,5104
17173-30030,10,5104
17173-37010,34,5104
17173-46020,43,5104
17173-50021,1,5104
17173-66020,4,5104
17176-46020,21,5104
17176-62030,2,5104
17176-75010,15,5104
17177-11070,6,5104
17177-28031,15,5104
17177-30011,5,5104
17177-46060,18,5104
17177-51011,19,5104
17177-74070,22,5104
17177-75020,20,5104
17198-51010,1,5104
17198-66010,15,5104
17201-11070,1,5104
17201-30161,2,5104
17279-51020,2,5104
17279-67010,3,5104
17341-67010,12,5104
17342-30010,15,5104
17408-25042,4,5104
17410-75550,19,5104
17430-31410,20,5104
17451-20020,40,5104
17451-21030,3,5104
17451-52060,10,5104
17451-74040,8,5104
17451-74051,75,5104
17565-22030,18,5104
17565-31050,1,5104
17567-61030,52,5104
17610-0s010,26,5104
17703-50020,5,5104
17730-66020,4,5104
17750-0L060,3,5104
17750-31060,10,5104
17801-0C030,200,5104
17801-0D030,7,5104
17801-0D060,98,5104
17801-0Y070,5,5104
17801-26010,40,5104
17801-30040,9,5104
17801-31090,22,5104
17801-51010,95,5104
17801-64010,22,5104
17801-68020,1,5104
17801-AZA04,13,5104
17801-AZA31,13,5104
17881-17120,7,5104
17881-20090,6,5104
17881-20100,31,5104
17881-75212,11,5104
17882-17010,3,5104
17882-58130,5,5104
1801095F0B,6,5104
1820131N00,50,5104
19000-17A91,5,5104
19101-74150,8,5104
19102-46011,5,5104
19102-61240,10,5104
19102-70160,10,5104
19127-61240,20,5104
19300-50011,9,5104
19300-50020,5,5104
19829-17010,48,5104
19850-17010,2,5104
19850-26022,15,5104
19850-27010,20,5104
19850-58010,6,5104
2064001A61,1,5104
206921E810,46,5104
2069265J00,290,5104
210104M526,50,5104
2104931U03,15,5104
2104931U04,9,5104
21306MA02A,2,5104
21430JB50A,15,5104
214961LA0A,10,5104
215011CB0A,12,5104
21506EB70A,16,5104
22100-0E010,5,5104
22100-0E020,3,5104
22100-1C201,10,5104
22100-1C420,1,5104
22100-51042,10,5104
22101-54770,2,5104
22104-6A290,17,5104
22140-17810,75,5104
22204-21010,5,5104
22204-75030,17,5104
22215-62180,22,5104
22271-20020,22,5104
22271-21020,81,5104
22271-31030,18,5104
22271-36010,5,5104
22271-38010,6,5104
22271-46020,19,5104
22271-50050,31,5104
22271-62040,21,5104
22271-74022,22,5104
22271-74070,2,5104
224011KT1B,300,5104
224011P115,600,5104
224011P116,20,5104
2240120J05,11,5104
2240120J06,734,5104
2240150Y05,200,5104
2240150Y06,3815,5104
224015M014,34,5104
224015M015,73,5104
2240192C1N,190,5104
22401CK81B,96,5104
22401ED71B,58,5104
22401ED814,406,5104
22401ED816,621,5104
22401JA01B,73,5104
22401V5016,319,5104
224481HC0A,32,5104
22448JA10C,23,5104
2245003J10,14,5104
224656N215,23,5104
22602-56350,16,5104
23100-11041,1,5104
23100-61011,3,5104
23100-BZ220,115,5104
23209-29165,5,5104
23209-31050,3,5104
23217-21010,34,5104
23217-31020,7,5104
23220-0C201,56,5104
23220-0P010,4,5104
23220-0P210,10,5104
23220-21132,1,5104
23220-31370,2,5104
23220-50261,15,5104
23220-50271,3,5104
23220-75091,10,5104
23221-28280,1,5104
23224-38010,12,5104
23280-21010,10,5104
23280-38020,12,5104
23291-23010,50,5104
23300-11240,5,5104
23300-21010,29,5104
23300-38040,26,5104
23300-50140,22,5104
23300-50150,60,5104
23300-75110,35,5104
23300-75140,45,5104
23300-75160,59,5104
23301-54620,8,5104
23303-64010,100,5104
23344-54010,25,5104
23380-17371,11,5104
23382-51031,31,5104
23388-51020,27,5104
23390-0l090,93,5104
23390-17540,104,5104
23390-30180,12,5104
23390-30350,29,5104
23390-36760,13,5104
23390-52060,42,5104
23654-46010,3,5104
23654-64010,260,5104
23670-09430,2,5104
23670-59018,2,5104
23670-59055,72,5104
23701-30060,56,5104
23702-30050,8,5104
23702-51010,2,5104
23703-17040,2,5104
23703-51010,4,5104
23705-17040,25,5104
23706-17040,25,5104
23741-17020,8,5104
23761-17010,5,5104
23797JA10B,18,5104
23810-30100,7,5104
23826-38010,3,5104
23829-38010,3,5104
23829-50070,1,5104
23915-16010,1,5104
23915-46011,21,5104
243824BA1B,4,5104
2508089907,4,5104
25380ED000,34,5104
25576-74030,7,5104
25620-37120,11,5104
25628-51010,9,5104
25634-17010,1,5104
25686-30020,1,5104
25702-38062,5,5104
25860-31060,7,5104
25860-62010,15,5104
260424CA0A,9,5104
260924CA0A,9,5104
2626189965,10,5104
269103NA0A,4,5104
27060-17240,15,5104
27060-31120,5,5104
27060-31281,2,5104
27060-38090,8,5104
27060-38110,3,5104
27060-38130,3,5104
27060-50400,4,5104
27060-51010,3,5104
27060-54360,1,5104
27060-66100,2,5104
27220VJ400,9,5104
27274EB700,188,5104
27274EB725,89,5104
27277VX01A,16,5104
27357-17080,2,5104
27357-22200,5,5104
27370-0C020,122,5104
27370-23120,58,5104
27370-27060,2,5104
27370-31220,89,5104
27370-75060,33,5104
27411-17030,2,5104
27415-0W042,121,5104
27415-0W063,6,5104
27415-0W131,107,5104
27700-62030,1,5104
28011-66020,10,5104
28011-76070,23,5104
28100-31131,5,5104
28100-31141,4,5104
28100-66040,2,5104
28100-75091,10,5104
28130-28040,35,5104
28140-37050,1,5104
28226-54320,10,5104
28226-64370,4,5104
28226-72010,10,5104
28226-74070,16,5104
28235-17030,6,5104
28235-35080,18,5104
28235-54380,5,5104
28300-54110,1,5104
285E31AA7A,50,5104
285E39UF7B,10,5104
285E3EH12A,25,5104
287901FA0A,78,5104
28790CB000,9,5104
28790JD00A,13,5104
2888006J05,1,5104
288901HA3D,23,5104
288904CC0C,30,5104
288951LA0A,70,5104
289111E400,154,5104
29300-17010,4,5104
29342-58010,6,5104
29342-68010,6,5104
301000W81A,5,5104
3010095F0B,10,5104
30223JA00A,30,5104
305021W718,41,5104
305021W720,2,5104
3062056G0A,9,5104
306A0JA60E,8,5104
31001-0R030,52,5104
31126-20060,2,5104
31126-36080,1,5104
31126-60050,3,5104
31204-20071,45,5104
31204-35031,2,5104
31210-05132,10,5104
31210-0K080,11,5104
31210-0K131,633,5104
31210-0W032,100,5104
31210-12310,1,5104
31210-12330,7,5104
31210-22101,19,5104
31210-33042,123,5104
31210-35291,2,5104
31210-36330,10,5104
31210-42030,13,5104
31210-52180,5,5104
31210-60270,1,5104
31210-60340,27,5104
31210-60350,1,5104
31230-05030,6,5104
31230-20170,6,5104
31230-35151,5,5104
31230-36210,49,5104
31230-60181,15,5104
31230-60201,99,5104
31230-60241,3,5104
31230-71020,186,5104
31230-71061,19,5104
31232-22010,9,5104
31232-36020,14,5104
31250-05021,1,5104
31250-20353,2,5104
31250-22263,6,5104
31250-33032,69,5104
31250-33042,75,5104
31250-35452,12,5104
31250-36343,4,5104
31250-52080,24,5104
31250-60440,95,5104
31250-60501,5,5104
31321-12040,15,5104
31321-52010,18,5104
31321-52020,38,5104
31365CA00A,41,5104
313751XD00,50,5104
3137531X01,258,5104
31400-39006,7,5104
31401-60050,5,5104
31401-60060,2,5104
31410-60432,1,5104
31410-60651,1,5104
31420-0K014,36,5104
31420-26201,22,5104
31420-37142,15,5104
31420-60060,13,5104
31470-36221,9,5104
31470-36291,10,5104
31470-43010,5,5104
31470-60180,4,5104
31470-60250,10,5104
31470-60280,3,5104
3172841X03,14,5104
3172880X04,5,5104
3172885X0A,7,5104
32113VB000,6,5104
32202B950A,230,5104
32204VB000,11,5104
3260301T03,1,5104
32608VB000,4,5104
32855H1010,10,5104
3285803E00,7,5104
328623S500,12,5104
33032-60111,1,5104
33033-60050,7,5104
33037-37022,3,5104
33038-60030,5,5104
33038-60060,2,5104
33039-60040,17,5104
3314233G10,38,5104
33212-25011,6,5104
33216CG01A,8,5104
33251-60070,4,5104
33301-60060,2,5104
33309-60041,7,5104
33331-60H01,1,5104
33336-42020,6,5104
33336-42030,2,5104
33361-37040,4,5104
33361-71020,8,5104
33362-60031,10,5104
33364-60070,1,5104
33366-36032,10,5104
33367-60030,3,5104
33368-0K030,3,5104
33368-35030,1,5104
33368-35040,8,5104
33368-35080,1,5104
33368-60020,16,5104
33371-37030,16,5104
33387-34010,3,5104
33391-52020,22,5104
33392-12010,11,5104
33403-29315,23,5104
33403-39385,1,5104
33403-69305,30,5104
33403-69325,5,5104
33403-80002,2,5104
33404-30040,9,5104
33421-26110,8,5104
33421-60122,1,5104
33481-32010,9,5104
33482-39045,4,5104
33482-39455,3,5104
33482-39465,26,5104
33482-39505,6,5104
33504-60490-C0,5,5104
33530-60360,2,5104
33530-60400,11,5104
33548-22020,6,5104
33548-60030,11,5104
33555-25020,46,5104
33555-55011,1,5104
33740-26010,1,5104
33750-26010,1,5104
34263-32010,6,5104
34346-21011,13,5104
35106-60180,9,5104
35106-60H20,31,5104
35168-12060,14,5104
35168-20010,118,5104
35168-21020,112,5104
35168-28020,52,5104
35168-33080,23,5104
35168-34020,124,5104
35168-36010,35,5104
35168-50010,255,5104
35168-52010,16,5104
35168-52020,167,5104
35168-60010,241,5104
35168-60030,57,5104
35168-71010,51,5104
35168-B1010,9,5104
35168-B1020,4,5104
35178-30010,49,5104
35280-30050,8,5104
35330-08010,240,5104
35330-0W021,891,5104
35330-12040,2,5104
35330-12050,13,5104
35330-20012,9,5104
35330-33040,24,5104
35330-48010,5,5104
35330-48020,58,5104
35330-52060,17,5104
35330-53020,4,5104
35330-60010,7,5104
35330-60070,60,5104
35330-60080,110,5104
35330-60120,4,5104
35520-60111,1,5104
35667-28030,8,5104
35682-50010,4,5104
35682-73020,2,5104
35683-73010,1,5104
35693-73010,10,5104
35706-33020,6,5104
35775-48020,5,5104
36222-60021,5,5104
36331-60090,8,5104
36340-60100,2,5104
36410-60061,8,5104
36410-60102,2,5104
36410-71010,17,5104
37110-6A260,14,5104
37110-6A311,3,5104
37125VB9X5,21,5104
37140-60370,6,5104
37140-60510,6,5104
37140-60550,3,5104
37140-60630,3,5104
37230-09120,15,5104
37230-26020,3,5104
37230-29015,3,5104
37230-29055,6,5104
37230-35120,3,5104
37230-36131,8,5104
37230-36141,13,5104
37315-35060,5,5104
38189N3112,42,5104
383421LB0A,34,5104
402064BA0A,3,5104
402064CE0A,3,5104
40206EG000,19,5104
40224JK00A,132,5104
40225WJ100,2,5104
4023231G00,8,5104
4058888G00,156,5104
41060EE30J,3,5104
4106MEB3X6,359,5104
41083C7112,10,5104
41110-26442,2,5104
41110-60c50,2,5104
41110-6a303,3,5104
41110-6A332,4,5104
41201-80493,1,5104
41204-35040,1,5104
41214-26011,15,5104
41231-24010,76,5104
41231-40011,32,5104
41252-35041,9,5104
41341-35020,3,5104
41341-55013,1,5104
41351-30052,10,5104
41351-32010,4,5104
41450-35031,2,5104
41450-60070,2,5104
41651-28050,6,5104
41651-30070,2,5104
41651-50140,1,5104
41651-50170,18,5104
41651-60010,42,5104
41653-24050,3,5104
41653-26010,1,5104
42181-60050,8,5104
42181-60070,8,5104
42181-60120,20,5104
42210-20010,24,5104
42311-60242,6,5104
42323-36010,2,5104
42323-60020,86,5104
42410-30041,74,5104
42410-42040,9,5104
42410-42060,5,5104
42410-50030,7,5104
42410-69026,7,5104
42419-60011,167,5104
42423-20010,124,5104
42423-60020,3,5104
42423-60030,29,5104
42423-60040,54,5104
42423-60050,16,5104
42423-87401,20,5104
42428-24010,5,5104
42428-36020,35,5104
42428-60011,58,5104
42431-50090,13,5104
42431-50100,3,5104
42431-60350,89,5104
42443-55020,26,5104
42450-06110,4,5104
42450-0D120,1,5104
42450-42060,9,5104
42450-76021,11,5104
42602-06130,23,5104
42602-0D380,15,5104
42603-02150,6,5104
42603-42110,9,5104
42603-42120,10,5104
42603-48140,18,5104
42603-50381,5,5104
42603-60250,10,5104
42603-60460,7,5104
42603-60671,8,5104
42607-0C070,36,5104
42607-33012,7,5104
4260B-60050,12,5104
4260B-60290,7,5104
4260B-60380,5,5104
42611-12A10,2,5104
43136-60020,2,5104
43202-60020,7,5104
43211-48010,10,5104
43232EB70A,33,5104
43233-60011,1,5104
43236-60010,25,5104
43246-28020,17,5104
43330-29425,77,5104
43330-39165,1,5104
43330-39625,3,5104
43330-39865,5,5104
43330-49165,6,5104
43340-09170,40,5104
43340-39505,11,5104
43345-69025,4,5104
43405-60100,18,5104
43410-06B80,1,5104
43412-60140,2,5104
43420-02C40,9,5104
43420-28091,2,5104
43421-26010,10,5104
43421-60040,1,5104
43430-60040,2,5104
43430-60071,5,5104
43435-60011,60,5104
43435-60020,20,5104
43436-60011,39,5104
43436-60020,22,5104
43442-0K010,2,5104
43458-12010,4,5104
43502-0K030,1,5104
43502-60190,8,5104
43502-60201,2,5104
43502-KK050,3,5104
43503-69045,3,5104
43509-60051,22,5104
43512-0c030,3,5104
43512-0K090,17,5104
43512-0K210,44,5104
43512-26190,3,5104
43512-30440,9,5104
43512-48120,68,5104
43512-48130,26,5104
43512-60171,97,5104
43512-60290,57,5104
43514-35010,5,5104
43514-KK020,30,5104
43515-0K010,21,5104
43521-60020,4,5104
43525-20030,20,5104
43531-60010,78,5104
43550-30021,10,5104
43550-30051,16,5104
43550-30071,7,5104
43550-33020,38,5104
43550-33070,2,5104
43550-42020,68,5104
43550-47020,17,5104
43550-50011,17,5104
43550-50032,11,5104
43550-50043,4,5104
43560-30031,9,5104
43560-50013,4,5104
43570-60011,44,5104
4406001JX5,34,5104
44060EA026,33,5104
44060ZE00A,64,5104
440838J010,4,5104
441004M410,18,5104
4413595F0A,50,5104
44139EB30A,20,5104
44140JA01A,33,5104
44200-0K890,3,5104
44200-60170,52,5104
44305-24050,48,5104
44310-26390,3,5104
44310-60400,1,5104
44310-60450,12,5104
44310-60480,2,5104
44310-60520,19,5104
44310-60590,4,5104
44310-60641,14,5104
44316-60020,3,5104
44320-35610,11,5104
44320-60300,10,5104
44320-60310,2,5104
44320-60320,3,5104
44348-07050,2,5104
44348-0C060,3,5104
44348-26250,2,5104
44348-33070,2,5104
44348-33130,10,5104
44348-33180,3,5104
44348-33240,17,5104
44348-33250,102,5104
44348-48090,3,5104
44348-50020,84,5104
44348-60120,14,5104
44348-60230,50,5104
44348-60260,7,5104
44348-60330,53,5104
44348-60410,6,5104
44348-60430,5,5104
44360-0K050,1,5104
44360-60291,37,5104
44410-60593,1,5104
44410-60740,28,5104
44410-60A30,3,5104
44411-60650,7,5104
44411-60660,10,5104
44412-26170,29,5104
44412-60280,8,5104
44610-6A280,4,5104
44621-28120,43,5104
45026-20140,2,5104
45044-69135,7,5104
45045-69065,1,5104
45046-09251,59,5104
45046-09261,12,5104
45046-09560,10,5104
45046-09780,2,5104
45046-19435,41,5104
45046-29456,13,5104
45046-49195,6,5104
45046-49255,2,5104
45046-59255,9,5104
45046-69155,2,5104
45046-69236,7,5104
45047-39215,2,5104
45047-49195,2,5104
45047-69146,48,5104
45047-BZ120,1,5104
45070-36030,4,5104
45176-20030,6,5104
45186-47030-C0,9,5104
45202-33080,9,5104
45203-60110,5,5104
45203-60181,6,5104
45209-26050,3,5104
45220-60231,3,5104
45273-12020,1,5104
45273-20050,11,5104
45410-36042,22,5104
45440-35080,8,5104
45450-39225,9,5104
45460-09240,5,5104
45460-39385,18,5104
45460-39635,14,5104
45460-59085,7,5104
45473-35010,44,5104
45490-39195,17,5104
45490-39435,4,5104
45503-09331,3,5104
45503-09420,2,5104
45503-0C030,14,5104
45503-19265,1,5104
45503-26180,7,5104
45503-35070,71,5104
45503-39225,14,5104
45503-59065,9,5104
45503-59145,4,5104
45503-60040,33,5104
45510-42171,3,5104
45510-42230,5,5104
45517-35010,38,5104
45517-50020,6,5104
45535-02020,10,5104
45535-09380,14,5104
45535-09390,10,5104
45535-0K010,53,5104
45535-13010,99,5104
45535-24040,10,5104
45535-26030,125,5104
45535-26060,32,5104
45535-28030,1,5104
45535-29015,1,5104
45535-32070,91,5104
45535-44010,4,5104
45535-60010,8,5104
45535-60021,47,5104
45535-69015,40,5104
45535-69025,69,5104
45536-0K010,19,5104
45619-14020,20,5104
45700-69135,1,5104
45700-69175,27,5104
46211ZV01C,19,5104
46410-26451,1,5104
46410-26500,7,5104
46410-35650,2,5104
46410-35830,4,5104
46410-60570,13,5104
46410-60690,1,5104
46410-60850,2,5104
46420-60030,27,5104
46420-60090,10,5104
46430-0K010,1,5104
46430-26440,1,5104
46430-35550,2,5104
46430-35571,24,5104
46530-30021,10,5104
46530-50020,12,5104
46540-20070,7,5104
46540-28020,6,5104
46540-42010,10,5104
46540-44010,5,5104
46540-60050,17,5104
46590-44010,2,5104
47028-60020,1,5104
47050-60150,10,5104
47050-60200,16,5104
47050-60280,6,5104
47050-60321,2,5104
47050-60380,7,5104
47050-60713,2,5104
47061-60310,6,5104
47070-50040,8,5104
47070-60060,10,5104
47201-36392,1,5104
47201-36432,12,5104
47201-60720,2,5104
47201-60A00,7,5104
47201-BZ140,3,5104
47207-37020,2,5104
47230-20040,8,5104
47230-47090,1,5104
47327-KK120,5,5104
47341-0K030,2,5104
47341-60031,12,5104
47447-11010,19,5104
47447-20030,3,5104
47447-22010,10,5104
47447-22020,8,5104
47447-30020,20,5104
47447-50010,19,5104
47447-60010,77,5104
47491-20011,11,5104
47510-36180,1,5104
47547-12030,8,5104
47560-BZ011,25,5104
47570-37073,1,5104
47611-35040,3,5104
47614-28010,2,5104
47616-35030,17,5104
47628-35020,8,5104
47643-0K050,19,5104
47643-35040,3,5104
47643-60010,5,5104
47715-04080,75,5104
47715-43010,24,5104
47715-48150,27,5104
47730-48130,1,5104
47730-60280,12,5104
47731-14110,36,5104
47731-33340,4,5104
47731-50070,5,5104
47731-60020,1,5104
47731-60280,1,5104
47743-33340,3,5104
47749-08010,8,5104
47770-50090,16,5104
47770-50100,5,5104
47771-22030,30,5104
47771-32030,10,5104
47771-48150,7,5104
47771-52191,63,5104
47775-35010,10,5104
47775-41030,100,5104
47775-52190,21,5104
47777-60010,6,5104
47779-12010,1,5104
47781-60100,9,5104
47790-50050,1,5104
47814-48050,40,5104
47850-02100,5,5104
47875-12150,23,5104
47910-0K020,1,5104
47910-26040,1,5104
47910-60070,1,5104
479505JG0A,50,5104
48006-60031,13,5104
48044-12100,25,5104
48045-42010,30,5104
48060-32040,3,5104
48061-26040,8,5104
48061-35011,27,5104
48061-36020,23,5104
48066-29225,2,5104
48067-29215,12,5104
48068-09100,4,5104
48068-33070,44,5104
48068-59145,19,5104
48068-60030,19,5104
48069-07050,5,5104
48069-08040,36,5104
48069-26160,3,5104
48069-33070,122,5104
48069-33090,47,5104
48069-42060,9,5104
48069-59135,1,5104
481253U010,6,5104
48131-60D40,18,5104
48131-6B290,4,5104
48131-6B320,2,5104
48154-60230,50,5104
48157-02240,35,5104
48157-22040,16,5104
48157-33062,11,5104
48157-33072,95,5104
48157-44010,19,5104
48157-52030,24,5104
48190-0K040,1,5104
48190-25010,10,5104
48190-26020,7,5104
48190-30070,5,5104
48190-50060,1,5104
48190-60020,10,5104
48190-60041,67,5104
48198-26010,12,5104
48198-27010,13,5104
48198-35010,9,5104
48198-48010,25,5104
48198-50011,2,5104
482030W025,6,5104
48210-60B90,21,5104
48231-60G40,10,5104
48231-60G50,4,5104
48231-6B040,1,5104
48252-0K010,60,5104
48257-50030,2,5104
48257-60020,26,5104
48258-06030,5,5104
48258-32020,2,5104
48258-42020,55,5104
48258-52030,13,5104
48304-0D150,23,5104
48306-0K040,8,5104
48306-37030,1,5104
48306-60062,17,5104
48310-60101,15,5104
48310-60121,5,5104
48331-21030,4,5104
48331-26091,6,5104
48341-06050,73,5104
48341-26240,3,5104
48341-48050,3,5104
48401-32010,13,5104
48409-32020,2,5104
48409-32030,25,5104
48409-34041,48,5104
48409-34051,1,5104
48409-35050,29,5104
48409-42011,10,5104
48409-42030,7,5104
48409-48030,37,5104
48409-50030,8,5104
48409-60020,3,5104
48452-26010,5,5104
48452-32040,10,5104
48505-60120,19,5104
48509-60040,29,5104
48510-09K80,19,5104
48510-09S71,9,5104
48510-09W10,1,5104
48510-60121,13,5104
48510-69495,2,5104
48510-69645,6,5104
48510-80307,1,5104
48510-80340,13,5104
48510-80381,30,5104
48510-80615,7,5104
48510-80638,3,5104
48510-80642,13,5104
48510-80648,20,5104
48510-80671,28,5104
48510-80821,5,5104
48510-80873,8,5104
48510-80A87,1,5104
48510-8Z035,23,5104
48510-8Z220,5,5104
48510-A9280,18,5104
48511-69645,3,5104
48511-80165,10,5104
48511-80169,8,5104
4852001J00,1,5104
48520-09R80,8,5104
48520-79316,3,5104
48520-80340,9,5104
48520-80341,17,5104
48520-8Z059,1,5104
48530-02D11,1,5104
48530-09U51,38,5104
48530-0C101,5,5104
48530-42060,20,5104
48530-69395,17,5104
48530-69435,26,5104
48530-69516,36,5104
48530-69535,4,5104
48530-80241,6,5104
48530-80387,5,5104
48531-09730,36,5104
48531-0K070,10,5104
48531-0K170,9,5104
48531-69795,15,5104
48540-09590,1,5104
48559-33020,10,5104
48597-60080,10,5104
48602-39025,11,5104
48605-39015,3,5104
48606-39015,3,5104
48609-0K040,59,5104
48609-12330,6,5104
48609-12520,24,5104
48609-12530,31,5104
48609-12580,41,5104
48609-28040,10,5104
48609-33121,18,5104
48609-33190,9,5104
48609-33260,29,5104
48609-33290,7,5104
48609-48040,26,5104
48609-60100,17,5104
48610-0k100,4,5104
48610-59125,10,5104
48610-60040,15,5104
48610-60060,13,5104
4861126J00,60,5104
4861231G00,2,5104
48619-0D011,16,5104
48619-33010,672,5104
48619-52030,114,5104
48630-60040,27,5104
48630-60060,1,5104
48632-0K040,294,5104
48632-34010,21,5104
48635-26080,57,5104
48640EA01J,3,5104
48654-0K040,1992,5104
48654-34010,12,5104
48654-60020,17,5104
48654-60050,2,5104
48655-0K090,16,5104
48655-34010,1,5104
48655-60020,12,5104
48674-26021,17,5104
48674-30040,1,5104
48680-50110,64,5104
48682-0D110,5,5104
48684-32010,8,5104
48702-35070,2,5104
48702-60090,111,5104
48702-60100,35,5104
48702-60110,192,5104
48705-53020,4,5104
48706-60050,7,5104
48706-60060,21,5104
48706-B4010,3,5104
48710-35060,2,5104
48710-42020,80,5104
48710-48080,7,5104
48710-60090,2,5104
48710-60130,1,5104
48725-12570,16,5104
48725-12640,6,5104
48725-32250,9,5104
48725-52021,6,5104
48740-42010,20,5104
48740-42020,7,5104
48740-60140,1,5104
48740-60150,90,5104
48750-06130,11,5104
487501E411,39,5104
48750-33130,2,5104
48760-06220,3,5104
48760-48060,7,5104
48790-60010,5,5104
48802-60060,9,5104
48802-60090,4,5104
48810-0C010,23,5104
48810-0K010,192,5104
48810-30070,7,5104
48810-50020,21,5104
48810-53020,8,5104
48811-26460,10,5104
48815-0K070,45,5104
48815-10090,4,5104
48815-12280,62,5104
48815-12340,35,5104
48815-12350,15,5104
48815-12360,1,5104
48815-12390,2,5104
48815-13050,10,5104
48815-14160,3,5104
48815-22250,2,5104
48815-22260,8,5104
48815-26050,59,5104
48815-28010,25,5104
48815-28030,21,5104
48815-28090,4,5104
48815-28100,6,5104
48815-28110,16,5104
48815-28150,24,5104
48815-28180,12,5104
48815-28190,3,5104
48815-30050,10,5104
48815-30100,4,5104
48815-30350,13,5104
48815-30480,10,5104
48815-30551,19,5104
48815-33040,43,5104
48815-33050,13,5104
48815-33090,21,5104
48815-33101,2533,5104
48815-33110,32,5104
48815-35130,10,5104
48815-38010,2,5104
48815-42060,7,5104
48815-42090,9,5104
48815-42130,26,5104
48815-42140,11,5104
48815-48080,1,5104
48815-48090,13,5104
48815-50122,55,5104
48815-50151,1,5104
48815-50200,53,5104
48815-52090,42,5104
48815-60040,23,5104
48815-60140,1,5104
48815-60150,4,5104
48815-60260,16,5104
48815-60330,49,5104
48815-60360,52,5104
48815-AE030,26,5104
48815-B4011,3,5104
48817-26020,69,5104
48817-30010,435,5104
48817-30020,17,5104
48817-36011,73,5104
48817-42050,34,5104
48817-48010,31,5104
48817-52011,22,5104
48818-12260,9,5104
48818-20260,3,5104
48818-21080,2,5104
48818-21100,4,5104
48818-30140,1,5104
48818-33121,55,5104
48818-48030,20,5104
48818-48040,3,5104
48818-48080,10,5104
48818-48110,46,5104
48818-50030,14,5104
48818-60060,107,5104
48818-60080,23,5104
48819-26040,6,5104
48819-70010,43,5104
48820-0K010,15,5104
48820-0K030,167,5104
48820-22041,8,5104
48820-26051,26,5104
48820-26060,24,5104
48820-33060,12,5104
48820-33080,18,5104
48820-33090,89,5104
48820-42030,37,5104
48820-42040,3,5104
48820-47010,155,5104
48820-50020,7,5104
48820-52030,5,5104
48820-53020,19,5104
48820-60032,84,5104
48820-60050,27,5104
48820-60082,2,5104
48820-BZ080,2,5104
48821-52040,28,5104
48824-33020,54,5104
48829-12070,21,5104
48830-0K010,8,5104
48830-0K011,5,5104
48830-30090,4,5104
48830-33040,6,5104
48830-35020,4,5104
48830-42022,61,5104
48840-50020,3,5104
48849-60041,51,5104
48849-60120,13,5104
48906-35020,61,5104
48910-60021,17,5104
48910-60033,4,5104
48911-60020,9,5104
48930-60020,2,5104
491213XM0B,18,5104
49122VZ00A,8,5104
492972Y085,1,5104
495912Y025,3,5104
495916C925,41,5104
49720JA00B,12,5104
51405-35101,1,5104
51441-07030,1,5104
51441-33110,18,5104
51442-06150,5,5104
51442-33110,2,5104
51900-60322,8,5104
52021-33181,7,5104
52023-0D100,3,5104
52025-60050,1,5104
52026-60050,4,5104
52030-07020,1,5104
52030-58010,1,5104
52040-60020,11,5104
52101-35640,1,5104
52102-35902,3,5104
52103-60281,43,5104
52105-0K021,7,5104
52106-60171,2,5104
52112-0D030,3,5104
52112-42110,18,5104
52112-78060,5,5104
52113-0D040,16,5104
52113-BZ100,5,5104
52114-06280,7,5104
52115-14130,3,5104
52115-35120,10,5104
52115-35153,3,5104
52115-60071,7,5104
52115-60180,18,5104
52115-60190,18,5104
52115-60200,10,5104
52116-35100,1,5104
52116-35110,10,5104
52116-47041,10,5104
52116-47050,15,5104
52116-48100,20,5104
52116-60181,7,5104
52116-60190,6,5104
52116-60200,6,5104
52116-60220,5,5104
52116-60260,31,5104
52116-76011,1,5104
52119-0M951,6,5104
52119-0U920,3,5104
52119-35071,1,5104
52119-4A920,5,5104
52119-60986,2,5104
52119-60988,2,5104
52119-6A959,2,5104
52119-6B922,2,5104
52119-BZM40,1,5104
52119-F2925,8,5104
52123-0K020,10,5104
52126-0K120,3,5104
52127-02921,2,5104
52127-12903,35,5104
52127-12909,10,5104
52127-33150,20,5104
52127-33152,6,5104
52128-33912,3,5104
52128-48913,4,5104
52146-07030,6,5104
52146-33060,19,5104
52149-60120,3,5104
52155-42030,10,5104
52155-42050,8,5104
52155-60060,3,5104
52156-06020,9,5104
52156-33010,23,5104
52156-60070,13,5104
52157-33010,9,5104
52158-26010,9,5104
52158-33030,5,5104
52159-0X908,2,5104
52159-0Z909,2,5104
52159-60957,2,5104
52159-60999,1,5104
52159-6A963,1,5104
52159-6B905,2,5104
52164-0K030,5,5104
52164-F4020,17,5104
52169-06100,8,5104
52188-33030,12,5104
52198-53020,10,5104
52201-0K010,6,5104
52201-60021,8,5104
52202-0C020,21,5104
52202-35021,7,5104
52202-35080,5,5104
52202-60030,55,5104
52202-60050,12,5104
52203-35210,25,5104
52203-60042,10,5104
52203-60060,12,5104
52205-35160,5,5104
52206-60020,5,5104
52206-60030,5,5104
52207-60080,5,5104
52208-35050,3,5104
52208-60031,8,5104
52208-60050,12,5104
52209-60050,1,5104
52209-60071,32,5104
52216-35010,2,5104
52216-60010,10,5104
52216-60030,15,5104
52217-35040,1,5104
52217-60010,11,5104
52217-60030,17,5104
52217-60060,9,5104
52380-26070,17,5104
52380-60070,3,5104
52380-60080,45,5104
52411-48030,13,5104
52413-42010,2,5104
52422-35030,2,5104
52438-42901,13,5104
52438-48020,4,5104
52506-60100,18,5104
52512-35100-A0,14,5104
52526-60030,4,5104
52534-0K040,4,5104
52535-30230,10,5104
52535-42050,3,5104
52535-42070,55,5104
52535-48050,12,5104
52535-52012,17,5104
52535-53050,1,5104
52535-78010,8,5104
52536-06130,10,5104
52536-42080,2,5104
52562-60070,35,5104
52562-60110,5,5104
52563-33060,14,5104
52575-07010,10,5104
52575-33110,2,5104
52576-33091,9,5104
52576-48050,4,5104
52592-07010,5,5104
52611-12190,1,5104
52611-33300,10,5104
52615-33150,6,5104
52721-52906,5,5104
53101-33620,2,5104
53101-47081,8,5104
53101-60450,1,5104
53101-60E70,8,5104
53102-33150,5,5104
53102-33330,4,5104
53105-36010-A0,3,5104
53111-02790,14,5104
53111-06905,1,5104
53111-33440,5,5104
53111-33460,20,5104
53111-33580,3,5104
53111-60600,13,5104
53112-06230,3,5104
53112-42100,4,5104
53112-47240,3,5104
53112-60290,12,5104
53121-33080,2,5104
53122-0K190,1,5104
53122-0K390,4,5104
53128-33030,5,5104
53145-42010,20,5104
53155-33060,7,5104
53181-02020,1,5104
53181-60040,9,5104
53182-60040,3,5104
53207-36090,5,5104
53214-12180,3,5104
53246-60020,6,5104
53259-48010,2,5104
53285-42090,16,5104
53291-48020,11,5104
53292-60050,25,5104
53294-KK040,5,5104
53295-33040,10,5104
53299-60130,6,5104
53301-48180,1,5104
53301-60541,7,5104
53341-60480,1,5104
53384-78010,3,5104
53393-0K010,5,5104
53395-33030,20,5104
53395-33040,9,5104
53395-47020,31,5104
53395-47040,1,5104
53410-02330,13,5104
53410-0K100,10,5104
53410-42120,5,5104
53410-60080,5,5104
53420-0D400,6,5104
53420-26060,5,5104
53420-33290,1,5104
53420-33301,4,5104
53420-35060,9,5104
53420-52360,8,5104
53420-76030,5,5104
53420-YC020,1,5104
53440-50072,1,5104
53440-69135,30,5104
53440-69155,17,5104
53446-BZ040,1,5104
53450-69155,12,5104
53452-02180,3,5104
53452-12090,8,5104
53454-12040,59,5104
53454-42010,20,5104
53454-52010,24,5104
53455-14020,7,5104
53510-02680,2,5104
53510-33390,4,5104
53510-60230,22,5104
53510-60390,11,5104
53550-60101,1,5104
53630-12570,28,5104
53630-33110,3,5104
53630-60010,15,5104
53630-60020,1,5104
53630-60100,3,5104
53735-35151,29,5104
53736-35151,17,5104
53801-48120,5,5104
53801-60850,4,5104
53802-12A80,3,5104
53802-60D70,1,5104
53802-60E10,1,5104
53805-0C011,3,5104
53805-26010,11,5104
53807-0C020,2,5104
53808-35111,3,5104
53808-60070,2,5104
53824-12020,2,5104
53825-33060,10,5104
53835-60040,2,5104
53847-0K910,1,5104
53851-0K060-B0,9,5104
53851-60200,8,5104
53851-90A00,16,5104
53866-52100,1,5104
53867-60040,20,5104
53867-60090,34,5104
53875-02640,5,5104
53876-33171,4,5104
53876-60080,4,5104
53876-78010,5,5104
53879-30040,10,5104
53879-33030,96,5104
53879-60010,13,5104
53882-16030,90,5104
53886-35020,22,5104
53906-0C010,5,5104
53907-KK020,2,5104
53911-60030,5,5104
53935-0C010,1,5104
54034EA00A,10,5104
540503DA0A,15,5104
5421652G0A,10,5104
54320AU701,41,5104
543258J000,8,5104
54330ED000,84,5104
5447601G00,21,5104
54542EB70D,18,5104
545591Z600,41,5104
546132Y002,18,5104
546134P007,20,5104
54613AL524,3,5104
54613JD03A,53,5104
54613JG02A,118,5104
54613JK06C,96,5104
54617VW000,9,5104
5461801G0A,5,5104
54618VB000,13,5104
54667VW000,5,5104
546682Y00A,9,5104
550384JU0A,10,5104
55130VC300,4,5104
552267S001,8,5104
5522750Y0A,91,5104
55269AG00E,107,5104
55413-90K00,28,5104
55474-60040,12,5104
55539-32010-C0,12,5104
55905-0K011,10,5104
55908-0K050,1,5104
55911-26040,3,5104
5611036GXE,10,5104
56114-48010,2,5104
56115-30100-1,55,5104
56116-22050,47,5104
56121-60100,4,5104
56121-60140,15,5104
562104M426,32,5104
56217AX000,24,5104
56218CG020,145,5104
5623106J10,22,5104
562600W001,12,5104
58190-60120,2,5104
58741-12170,19,5104
58773-05050,5,5104
58907-60040,5,5104
58908-32040,10,5104
61617-42040,23,5104
61684-60020,24,5104
61691-0K907,10,5104
61783-60071,11,5104
61991-35010,42,5104
61992-35010,4,5104
620225RB0J,8,5104
620726FL0A,58,5104
622103JA0A,7,5104
622114CL0A,97,5104
62217-20010,3,5104
622203TA0A,33,5104
622203XA0B,3,5104
622213TA0A,18,5104
622224CL0A,109,5104
622234CL0A,76,5104
62223BR00A,14,5104
622273TA0A,10,5104
622574BA0A,50,5104
623105RB0A,10,5104
623309HS0A,39,5104
628891JB0A,49,5104
628901KA0A,60,5104
62930-12161,11,5104
62940-30150,29,5104
62955-50010,30,5104
631009HS0A,25,5104
63491-60041,5,5104
63491-60060-C1,9,5104
63492-60110,4,5104
63493-60100-C0,4,5104
63494-60050-C1,5,5104
638414GA0B,5,5104
638434CB0A,2,5104
64600-33150,5,5104
64607-06240,11,5104
64607-12790,6,5104
64607-33070,2,5104
64607-33130,17,5104
64607-52020,15,5104
64610-02050,4,5104
64610-02200,10,5104
64610-12370,1,5104
64772-60020-A1,20,5104
654014BA0A,4,5104
65512R3000,27,5104
65638-33050,3,5104
65706-60021,12,5104
65722ED01A,39,5104
65829JG40A,188,5104
66153-60010,6,5104
66170-0K020,129,5104
66895ED50A,5,5104
66895EL000,25,5104
67620-60221-B2,18,5104
67771-12050-1,105,5104
67857-12110,20,5104
67861-60110,57,5104
67861-60150,7,5104
67862-60110,62,5104
67862-60150,2,5104
67871-26030,16,5104
67872-60080,5,5104
67895-33041,5,5104
67896-33041,16,5104
67896-60030,166,5104
67896-60040,13,5104
68029-26070,41,5104
68124-06220,3,5104
68141-60042,13,5104
68141-90K03,58,5104
68142-60011,2,5104
68152-60011,17,5104
68160-52110,4,5104
68160-90K00,60,5104
68162-35073,3,5104
68170-90K00,29,5104
68172-02140,12,5104
68172-12260,2,5104
68173-60050,2,5104
68180-52100,22,5104
68180-52130,33,5104
68210-52150,9,5104
68212-16010,1,5104
68220-90K00,26,5104
68230-52130,6,5104
68281-60030,17,5104
68310-26020,3,5104
68310-26051,8,5104
68350-26081,18,5104
68380-26030,25,5104
68390-26040,16,5104
68610-60101,3,5104
68617-20011,14,5104
68630-60150,1,5104
68640-60130,1,5104
68650-09010,22,5104
68650-09040,17,5104
68720-12151,43,5104
68730-35031,2,5104
68740-12120,87,5104
68740-35031,15,5104
68750-20122,20,5104
68750-60080,14,5104
68750-60090,22,5104
68760-60071,5,5104
68760-60090,7,5104
68780-60060,8,5104
68801-60030,7,5104
68801-90K00,3,5104
68802-60060,7,5104
68950-69195,5,5104
68960-26037,76,5104
69023-48010,10,5104
69023-60012-C0,13,5104
69030-42221,2,5104
69040-42241,5,5104
69059-60220,1,5104
69205-10040-33,5,5104
69205-10040-B7,49,5104
69205-20040-E1,1,5104
69206-10040-B6,5,5104
69206-20040-B1,2,5104
69207-26010-B1,8,5104
69210-33070,26,5104
69210-60061,2,5104
69210-60270,1,5104
69210-90300,11,5104
69212-60030,26,5104
69218-33010,60,5104
69220-32010,5,5104
69220-90300,24,5104
69240-60030,7,5104
69240-60071,6,5104
69277-60010-03,52,5104
69278-60010-03,43,5104
69291-60030,9,5104
69320-60091,10,5104
69350-26122,100,5104
69350-60141,22,5104
69350-60180,7,5104
69350-60200,9,5104
69380-60061,41,5104
69390-60051,11,5104
69390-60061,7,5104
69410-87001,3,5104
69430-95J00,19,5104
69450-60030,4,5104
69460-60030,4,5104
69515-30320,5,5104
69515-30380,4,5104
69750-60030,39,5104
69801-60030,9,5104
69802-60080,5,5104
69810-60340,2,5104
69820-60310,8,5104
727524CC0B,20,5104
739401LA0C,11,5104
74232-52550-C0,54,5104
74453-60060,10,5104
74596-53010,6,5104
74617-16010-A3,1,5104
75077-60050,3,5104
75303-60070,5,5104
75310-06010,5,5104
75311-1E100,8,5104
75311-33130,47,5104
75311-48070,14,5104
75312-0D080,11,5104
75370-60020,62,5104
75374-47062,24,5104
75379-60110-A2,74,5104
75392-35210,30,5104
75441-60500-C0,5,5104
75442-33450,24,5104
75446-52050,2,5104
75455-0C070,1,5104
75494-60011,36,5104
75503-35061-A0,2,5104
75531-60030,10,5104
75533-60031,5,5104
75533-60100,9,5104
75534-60021,2,5104
75534-60072,5,5104
75535-60020,6,5104
75545-30170,2,5104
75545-53011,242,5104
75547-51021,40,5104
75548-60021,29,5104
75551-53020,8,5104
75552-52180,18,5104
75552-53020,45,5104
75555-60010,5,5104
75596-35020-A0,17,5104
75606-78010,19,5104
75710-60051,36,5104
75710-60070,44,5104
75711-60061,9,5104
75711-60080,5,5104
75712-60061,19,5104
75712-60072,21,5104
75720-60070,32,5104
75720-60080,18,5104
75722-60061,20,5104
75730-60041,16,5104
75730-60050,59,5104
75740-60050,38,5104
75761-60090,9,5104
75794-60011,31,5104
75867-60010,78,5104
76607-60280,3,5104
76608-60280,1,5104
76622-60100,6,5104
76625-60100,12,5104
76626-60100,21,5104
76626-60350,29,5104
76647-60040,2,5104
76801-47060-B1,5,5104
76811-26130,15,5104
76812-60030,10,5104
76875-06030-C0,3,5104
76924-12040,25,5104
76924-47020,25,5104
77020-0K050,1,5104
77020-0K080,1,5104
77020-60320,15,5104
77020-60362,16,5104
77020-60372,10,5104
77020-60392,2,5104
77020-60590,22,5104
77024-02180,1,5104
77024-12170,11,5104
77024-33090,55,5104
77024-33340,48,5104
77024-33370,24,5104
77024-35070,26,5104
77024-42090,2,5104
77024-48040,5,5104
77024-50021,1,5104
77035-0K010,20,5104
77169-0K010,1,5104
77169-33020,17,5104
77169-47030,67,5104
77169-52040,2,5104
77174-26020,4,5104
77213-60110,6,5104
77300-12020,3,5104
77300-28010,6,5104
77300-47010,35,5104
77300-52040,20,5104
77310-48010,29,5104
77310-60100,46,5104
77360-33030,11,5104
77360-35040,3,5104
77601-60230,18,5104
77651-0D070,25,5104
78104-60010,10,5104
78110-02271,16,5104
78110-60180,2,5104
78110-60200,2,5104
78111-95110,13,5104
806713TA0D,45,5104
808391LA1A,21,5104
8085089922,77,5104
80896AR010,1,5104
80970W5010,15,5104
81080-22040,13,5104
81110-0K662,1,5104
81126-48020,17,5104
81130-36610,3,5104
81135-53750,19,5104
81145-42680,1,5104
81145-60J20,5,5104
81166-48020,38,5104
81170-47181,1,5104
81185-60N20,4,5104
81193-12050,10,5104
81194-12050,11,5104
81194-48030,160,5104
81195-60020,16,5104
81210-06071,10,5104
81211-42061,1,5104
81220-0D042,5,5104
81221-52120,1,5104
81241-20060,34,5104
81270-60201,15,5104
81270-60300,1,5104
81270-60380,9,5104
81271-42050,3,5104
81271-60332,6,5104
81278-95J07,16,5104
81311-33010,1,5104
81510-0K010,7,5104
81536-60C30,10,5104
81550-33690,1,5104
81550-60422,16,5104
81551-06440,1,5104
81551-26202,9,5104
81551-60333,4,5104
81551-60540,2,5104
81551-60860,3,5104
81551-60B80,10,5104
81551-60C30,6,5104
81551-90K09,45,5104
81555-13510,1,5104
81560-02751,12,5104
81560-33690,2,5104
81561-0K200,3,5104
81561-12A10,3,5104
81561-26201,2,5104
81561-33870,1,5104
81561-60C30,5,5104
81561-90K09,45,5104
81570-60062,5,5104
81580-33340,2,5104
81590-33350,10,5104
81591-33200,9,5104
81591-60270,5,5104
81730-53011,8,5104
81730-58010,17,5104
81731-17051,2,5104
81731-20192,8,5104
81741-02040,23,5104
81741-14160,9,5104
81920-33020,19,5104
81952-22010,20,5104
81980-30170,2,5104
82114-60131,10,5104
82214-60050,23,5104
82219-35010,4,5104
82611-90301,20,5104
82620-07050,7,5104
82620-60030,4,5104
82620-71010,12,5104
82620-71012,56,5104
82675-60020,25,5104
82741-0C060,7,5104
82741-42020,38,5104
82817-1A070,18,5104
83320-0K020,19,5104
83320-0K060,79,5104
83320-0K181,66,5104
83320-60440,21,5104
83320-60660,1,5104
83320-69345,8,5104
83320-69355,14,5104
83320-69555,8,5104
83320-69565,10,5104
83320-69585,4,5104
83320-80398,13,5104
83420-16040,21,5104
83520-60051,108,5104
83530-60010,1,5104
83530-60020,103,5104
83710-90K06,6,5104
84140-20560,6,5104
84210-52010,8,5104
84210-60030,82,5104
84210-71050,3,5104
84231-95J02,5,5104
84250-33190-C0,3,5104
84306-02080-PH,47,5104
84306-50210,19,5104
84306-52041,2,5104
84306-52100,6,5104
84306-60080,12,5104
84307-30090,43,5104
84312-0K030,27,5104
84340-19026,15,5104
84340-30130,1,5104
84340-42010,8,5104
84340-69075,16,5104
84450-60261,30,5104
84540-71010,8,5104
84660-36021,5,5104
84810-02030,4,5104
84820-0K021,1,5104
84820-35010,2,5104
84840-28040,49,5104
850223BN1H,22,5104
85044-33070-B0,7,5104
85044-33090-A0,5,5104
85044-33090-B0,5,5104
85044-42150-C1,2,5104
85044-60060,7,5104
85045-33040-B1,16,5104
85045-42110-A1,3,5104
85045-42110-C1,24,5104
85045-60090-A1,7,5104
850714GA0A,4,5104
85130-60220,1,5104
85134-53010,4,5104
85150-0K021,3,5104
85150-60321,8,5104
85211-60260,20,5104
85212-13031,14,5104
85212-26111,6,5104
85212-33260,12,5104
85212-36030,18,5104
85212-42130,225,5104
85212-52220,21,5104
85212-60021,85,5104
85212-60031,18,5104
85212-60032,8,5104
85212-60171,34,5104
85212-60191,27,5104
85212-60210,2,5104
85212-60250,3,5104
85212-AC011,8,5104
85214-30390,15,5104
85214-31010,14,5104
85214-47010,12,5104
85214-48031,4,5104
85214-53080,25,5104
85214-68030,27,5104
85214-78010,57,5104
85214-78020,88,5104
852204CE0A,57,5104
85221-60070,20,5104
85222-12750,36,5104
85222-26101,19,5104
85222-26120,20,5104
85222-33270,47,5104
85222-42120,47,5104
85222-48040,19,5104
85222-60061,26,5104
85222-60260,1,5104
852263ST1A,8,5104
85241-42090,8,5104
85241-60190,6,5104
85242-0K010,5,5104
85242-35040,61,5104
85242-42030,266,5104
85242-42040,19,5104
85242-48030,3,5104
85242-60050,3,5104
85242-60090,12,5104
85242-60100,65,5104
85242-60110,58,5104
85244-52010,12,5104
85292-05020,9,5104
85292-0F010,36,5104
85292-28030,25,5104
85292-42020,5,5104
85315-60330,1,5104
85316-26030,25,5104
85330-0D100,35,5104
85330-71010,4,5104
85348-12250,34,5104
85353-60110-A1,1,5104
85353-60900,36,5104
85353-60901,7,5104
85354-12081-B0,4,5104
85354-60050-C1,2,5104
85354-60060-C1,8,5104
85354-60900,8,5104
85355-42040,5,5104
85356-50035,4,5104
85381-12060,4,5104
85381-30150,8,5104
85381-34030,4,5104
85381-42070,1,5104
85381-60110,74,5104
85381-AA042,15,5104
85383-36010,10,5104
85530-42010,14,5104
85535-33060,32,5104
85710-60031,1,5104
85720-50080,2,5104
86309-0C020,10,5104
86336-60040,7,5104
86510-0E040,25,5104
86510-20280,2,5104
86510-48050,5,5104
86520-26200,6,5104
86530-20070,10,5104
87097-36020,12,5104
87103-26111,1,5104
87103-33170,13,5104
87103-48080,4,5104
87103-60400,1,5104
87103-60421,8,5104
87103-60451,2,5104
87103-60560,4,5104
87106-0K210,7,5104
87106-30570,1,5104
87106-48020,1,5104
87106-48200,6,5104
87124-35040,153,5104
87138-26160,5,5104
87139-48050,2,5104
87139-58010,199,5104
87139-YZZ24,361,5104
87139-YZZ25,260,5104
87139-YZZ26,5,5104
87245-6A050,6,5104
87245-6A060,6,5104
87810-90K05-B1,1,5104
87910-0KD01,4,5104
87910-35B10,2,5104
87915-0D260,3,5104
87915-33030-A1,10,5104
87915-60050-C0,5,5104
87930-60090,6,5104
87931-0F120,10,5104
87931-33680,4,5104
87931-6A320,2,5104
87940-60B81,2,5104
87945-0F911,23,5104
87945-33010-B1,3,5104
87945-42090,6,5104
87961-02B50,12,5104
87961-60B00,18,5104
87961-6A200,8,5104
88410-6A010,2,5104
88420-60340,40,5104
88420-60350,14,5104
88440-0K381,804,5104
88440-26070,4,5104
88440-26090,9,5104
88440-60090,7,5104
88450-26120,10,5104
88460-60460,4,5104
88460-60903,1,5104
884A0-33010,10,5104
88501-12500,9,5104
88501-26291,3,5104
88501-60362,52,5104
88501-60392,52,5104
88515-12090,7,5104
88515-28160,8,5104
88515-60190,4,5104
88550-34010,5,5104
88550-36041,10,5104
88550-36130,19,5104
88550-60130,5,5104
88561-BZ440,6,5104
88625-26090,46,5104
88710-06360,5,5104
88710-6B580,8,5104
88711-60471,10,5104
88711-60750,2,5104
88712-6A380,2,5104
88718-1E150,170,5104
88790-60050,2,5104
88899-3A080,31,5104
89070-60794,1,5104
89173-59335,5,5104
89232-60022,1,5104
89341-33210-C0,46,5104
89341-48040-C3,5,5104
89348-28090-C0,10,5104
89348-33060-C0,40,5104
89348-33100-C0,2,5104
89348-33400,133,5104
89348-44010,28,5104
89348-48010,56,5104
89348-60050,66,5104
89348-71010-A1,118,5104
89348-71010-A2,19,5104
89348-71010-C0,29,5104
89407-60040,13,5104
89408-60020,6,5104
89411-50010,10,5104
89422-33030,10,5104
89422-35010,97,5104
89452-30150,3,5104
89462-20040,3,5104
89465-26120,9,5104
89465-26140,4,5104
89465-33420,12,5104
89465-35690,2,5104
89465-48110,18,5104
89465-48220,3,5104
89465-52380,13,5104
89467-35110,10,5104
89467-48110,8,5104
89467-60130,3,5104
89491-36080,5,5104
89491-60100,10,5104
89516-60070,44,5104
89516-60080,15,5104
89516-60130,3,5104
89542-60050,12,5104
89543-0C020,6,5104
89543-60050,27,5104
89546-60050,3,5104
89871-71010,2,5104
89904-48E90,7,5104
89904-60A91,13,5104
89944-05010,1,5104
90010-01039,45,5104
90010-03055,13,5104
90010-05101,57,5104
90010-08100,3,5104
90010-08107,10,5104
90029-21020,144,5104
90032-09032,63,5104
90043-11336,30,5104
90044-68378,99,5104
90072-02006,19,5104
90075-60035,13,5104
90075-60046,9,5104
90075-60077,23,5104
90075-99011,5,5104
90075-99080,73,5104
90075-99106,6,5104
90080-19017,1,5104
90080-37030,24,5104
90084-46020,76,5104
90099-05157,4,5104
90099-10140,19,5104
90099-10226,21,5104
90099-14118,58,5104
90099-14127,40,5104
90099-14137,60,5104
90099-14141,30,5104
90099-33080,18,5104
90099-82022,29,5104
90101-12091,19,5104
90105-09002,52,5104
90105-10103,44,5104
90105-10404,11,5104
90105-10406,56,5104
90105-10424,100,5104
90105-10428,19,5104
90105-10558,69,5104
90105-11H00,383,5104
90105-12297,108,5104
90105-12336,17,5104
90105-14089,45,5104
90105-14104,188,5104
90105-14160,99,5104
90105-14186,26,5104
90105-14198,50,5104
90105-15001,40,5104
90105-15005,11,5104
90105-16053,17,5104
90105-17003,10,5104
90105-18006,50,5104
90109-08295,85,5104
90109-08301,126,5104
90109-10132,21,5104
90109-10139,142,5104
90110-05004,74,5104
90116-08233,60,5104
90116-10063,10,5104
90116-10075,140,5104
90116-10088,41,5104
90117-14059,7,5104
90117-16053,16,5104
90119-06355,90,5104
90119-06877,7,5104
90119-08134,30,5104
90119-08862,1,5104
90119-08974,49,5104
90119-08C47,250,5104
90119-10921,48,5104
90119-12126,179,5104
90119-12312,349,5104
90119-12369,31,5104
90119-12371,285,5104
90119-14062,38,5104
90119-16005,27,5104
90151-60013,47,5104
90159-50219,57,5104
90159-50353,66,5104
90159-50388,37,5104
90159-60215,97,5104
90159-60383,119,5104
90159-60416,47,5104
90159-60476,56,5104
90159-60488,100,5104
90159-60498,150,5104
90159-60590,117,5104
90159-T2010,100,5104
90170-08204,285,5104
90170-10022,241,5104
90170-10039,291,5104
90170-14026,62,5104
90170-16023,50,5104
90170-18007,170,5104
90170-19185,38,5104
90170-20003,44,5104
90171-14042,24,5104
90175-08008,107,5104
90176-08016,15,5104
90177-22003,12,5104
90178-10016,20,5104
90178-12009,220,5104
90178-16006,293,5104
90178-16007,99,5104
90178-18001,22,5104
90178-28002,13,5104
90178-T0081,693,5104
90179-06007,50,5104
90179-06127,50,5104
90179-06206,50,5104
90179-08014,40,5104
90179-08040,105,5104
90179-08118,90,5104
90179-08153,13,5104
90179-10015,250,5104
90179-10059,138,5104
90179-10094,224,5104
90179-12070,82,5104
90179-12091,50,5104
90179-12100,9,5104
90179-12127,90,5104
90179-12144,29,5104
90179-14068,43,5104
90179-15006,351,5104
90179-16013,90,5104
90179-20001,20,5104
90179-22005,21,5104
90179-22022,40,5104
90183-06019,150,5104
90189-04024,132,5104
90189-06028,10,5104
90189-06029,94,5104
90201-08106,92,5104
90201-10101,20,5104
90201-10112,24,5104
90201-10203,25,5104
90201-11034,78,5104
90201-12078,7,5104
90201-12109,47,5104
90201-12452,23,5104
90208-48002,19,5104
90209-10021,32,5104
90210-06010,325,5104
90210-07006,46,5104
90210-08019,212,5104
90210-08020,104,5104
90210-22001,373,5104
90210-25002,38,5104
90213-04001,28,5104
90213-06013,36,5104
90213-07010,46,5104
90240-06014,32,5104
90240-06016,46,5104
90249-08075,51,5104
90250-07057,60,5104
90252-03015,28,5104
90253-13017,36,5104
90269-03002,84,5104
90269-A0005,158,5104
90280-05004,4,5104
90301-04011,8,5104
90301-07001,182,5104
90301-07020,129,5104
90301-11016,30,5104
90301-12018,3,5104
90301-20005,20,5104
90301-20012,122,5104
90301-21017,249,5104
90301-24013,5,5104
90301-31014,89,5104
90301-32010,47,5104
90301-34004,32,5104
90301-36001,48,5104
90301-37005,34,5104
90301-38010,88,5104
90301-40008,145,5104
90301-43002,44,5104
90301-53007,5,5104
90301-61004,7,5104
90301-67004,225,5104
90301-T0014,77,5104
90304-80002,7,5104
90310-25013,96,5104
90310-25035,69,5104
90310-35013,72,5104
90310-36003,180,5104
90310-40001,83,5104
90310-50006,179,5104
90310-58002,163,5104
90310-58004,18,5104
90310-T0008,73,5104
90311-10082,28,5104
90311-12002,290,5104
90311-13001,60,5104
90311-24010,30,5104
90311-25008,35,5104
90311-25032,159,5104
90311-27006,20,5104
90311-27010,22,5104
90311-32022,36,5104
90311-32025,67,5104
90311-34016,48,5104
90311-34023,79,5104
90311-34026,78,5104
90311-34042,17,5104
90311-34044,99,5104
90311-34050,55,5104
90311-34057,64,5104
90311-35017,38,5104
90311-35032,20,5104
90311-35040,10,5104
90311-35041,4,5104
90311-35069,62,5104
90311-36007,17,5104
90311-38032,48,5104
90311-38041,10,5104
90311-38065,35,5104
90311-38067,19,5104
90311-38068,186,5104
90311-38071,54,5104
90311-38075,61,5104
90311-38083,171,5104
90311-38087,62,5104
90311-38096,38,5104
90311-38098,20,5104
90311-40024,8,5104
90311-40031,192,5104
90311-40036,11,5104
90311-40041,24,5104
90311-40044,23,5104
90311-40047,36,5104
90311-41017,290,5104
90311-41018,26,5104
90311-42038,16,5104
90311-42055,134,5104
90311-43006,108,5104
90311-43008,202,5104
90311-43010,149,5104
90311-44003,6,5104
90311-44004,1,5104
90311-44005,18,5104
90311-44008,34,5104
90311-45027,15,5104
90311-45028,24,5104
90311-45036,72,5104
90311-46004,9,5104
90311-47018,10,5104
90311-47039,13,5104
90311-48014,14,5104
90311-48016,124,5104
90311-48020,176,5104
90311-48022,93,5104
90311-49002,37,5104
90311-50029,19,5104
90311-50044,124,5104
90311-50052,14,5104
90311-50058,5,5104
90311-50065,154,5104
90311-51009,29,5104
90311-51013,72,5104
90311-52022,43,5104
90311-54006,34,5104
90311-55005,32,5104
90311-58011,35,5104
90311-62002,19,5104
90311-62006,23,5104
90311-70011,27,5104
90311-73005,49,5104
90311-75022,82,5104
90311-78005,17,5104
90311-88003,6,5104
90311-89010,43,5104
90311-95013,21,5104
90311-99010,191,5104
90311-99020,1,5104
90311-A0008,42,5104
90311-T0013,11,5104
90311-T0015,40,5104
90311-T0037,46,5104
90311-T0069,88,5104
90311-T0098,229,5104
90311-T0100,58,5104
90312-87001,213,5104
90313-T0001,25,5104
90316-28003,75,5104
90316-48003,270,5104
90316-83001,30,5104
90333-25003,23,5104
90339-16001,30,5104
90341-18032,9,5104
90341-18051,65,5104
90341-24014,31,5104
90361-06002,142,5104
90361-07013,20,5104
90363-12020,22,5104
90363-12024,84,5104
90363-15017,172,5104
90363-18011,5,5104
90363-30075,17,5104
90363-33007,3,5104
90363-35020,1,5104
90363-35030,5,5104
90363-35067,24,5104
90363-35078,5,5104
90363-45013,3,5104
90363-T0006,17,5104
90363-T0009,4,5104
90363-T0018,32,5104
90364-25012,20,5104
90364-36006,39,5104
90364-39016,2,5104
90364-47014,9,5104
90365-34005,28,5104
90365-36002,19,5104
90366-33006,40,5104
90366-35060,1,5104
90366-35096,8,5104
90366-42009,14,5104
90366-45038,3,5104
90366-58013,25,5104
90366-60008,2,5104
90366-62004,3,5104
90366-75001,58,5104
90366-T0007,97,5104
90366-T0008,398,5104
90366-T0044,8,5104
90368-45087,357,5104
90369-40009,18,5104
90374-60001,41,5104
90374-62008,43,5104
90374-62010,25,5104
90381-32001,4,5104
90385-11021,207,5104
90385-12012,19,5104
90385-15004,6,5104
90385-18008,56,5104
90385-18019,10,5104
90385-18068,1,5104
90385-19003,441,5104
90385-19006,20,5104
90385-23037,30,5104
90385-24002,4,5104
90385-T0009,180,5104
90385-T0010,263,5104
90389-14007,40,5104
90389-18002,51,5104
90389-T0009,1,5104
90430-10024,340,5104
90430-12026,100,5104
90430-12031,1877,5104
90430-12221,4,5104
90430-16016,37,5104
90430-18023,20,5104
90430-37004,88,5104
90430-37140,25,5104
90430-T0008,108,5104
90440-16019,39,5104
90445-17140,1,5104
90445-18090,91,5104
90445-18130,111,5104
90460-62006,6,5104
90467-05114,38,5104
90467-05164-B0,61,5104
90467-06020-C0,50,5104
90467-06155,10,5104
90467-07076-B7,10,5104
90467-07164,125,5104
90467-07166,1008,5104
90467-07193,64,5104
90467-07201,85,5104
90467-07211,795,5104
90467-08108,140,5104
90467-09006,20,5104
90467-09014,20,5104
90467-09050,18,5104
90467-09077,80,5104
90467-09191,90,5104
90467-09198,23,5104
90467-09203,29,5104
90467-10183,43,5104
90467-10186,163,5104
90467-10187,52,5104
90467-10203,111,5104
90467-11024,6,5104
90467-12073,8,5104
90467-12075,43,5104
90467-T0023,38,5104
90468-03006,25,5104
90468-05034,19,5104
90468-05060,24,5104
90468-08035,40,5104
90468-08040,13,5104
90468-16029,105,5104
90480-16049,234,5104
90480-18008,84,5104
90501-08212,24,5104
90501-16053,5,5104
90501-20012,30,5104
90501-T0007,4,5104
90504-49001,171,5104
90506-12051,3,5104
90506-23052,60,5104
90520-01274,9,5104
90520-27091,4,5104
90520-31006,11,5104
90520-31007,68,5104
90520-36045,84,5104
90520-38008,7,5104
90520-44038,29,5104
90520-99158,41,5104
90520-T0033,92,5104
90541-06063,7,5104
90541-09128,27,5104
90541-15019,14,5104
90541-15111,2,5104
90560-40008,24,5104
90560-49001,11,5104
90901-19028,24,5104
90901-19047,16,5104
90905-40019,15,5104
90910-02094,7,5104
90910-02112,2,5104
90910-02119,19,5104
90910-02152,51,5104
90910-02170,41,5104
90910-02181,70,5104
90910-05206,34,5104
90910-12275,8,5104
90910-9U002,25,5104
90913-01021,213,5104
90913-02051,30,5104
90913-02086,92,5104
90913-02093,288,5104
90913-02095,68,5104
90913-02105,50,5104
90913-02118,191,5104
90913-02128,174,5104
90915-30002-8T,442,5104
90915-YZZD2,5595,5104
90915-YZZD4,5104,5104
90916-02353,174,5104
90916-02523,100,5104
90916-02524,20,5104
90916-02599,14,5104
90916-02606,44,5104
90916-02668,290,5104
90916-02705,96,5104
90916-02706,64,5104
90916-02708,109,5104
90916-02728,62,5104
90916-02774,3,5104
90916-02779,57,5104
90916-03089,33,5104
90916-03090,13,5104
90916-03093,44,5104
90916-03118,43,5104
90916-03119,10,5104
90916-03120,18,5104
90916-03129,96,5104
90916-03136,235,5104
90916-03138,83,5104
90916-T2046,23,5104
90917-06054,1,5104
90917-06061,2,5104
90917-11022,39,5104
90917-11036,2,5104
90917-A6002,7,5104
90919-01192,200,5104
90919-01210,850,5104
90919-01233,591,5104
90919-01247,2382,5104
90919-01276,348,5104
90919-01284,114,5104
90919-01287,562,5104
90919-01301,20,5104
90919-02212,2,5104
90919-02230,17,5104
90919-02231,47,5104
90919-02232,7,5104
90919-02233,5,5104
90919-02234,25,5104
90919-02236,1,5104
90919-02258,235,5104
90919-02259,65,5104
90919-02262,207,5104
90919-02269,29,5104
90919-02272,43,5104
90919-02273,5,5104
90919-02276,46,5104
90919-02277,19,5104
90919-05007,4,5104
90919-05026,2,5104
90919-05041,1,5104
90919-05071,11,5104
90919-05087,1,5104
90919-11007,16,5104
90919-11009,48,5104
90919-15530,109,5104
90919-15534,28,5104
90919-15535,75,5104
90919-15570,9,5104
90919-YZZAA,280,5104
90919-YZZAF,260,5104
90930-03097,17,5104
90942-01033,1514,5104
90942-01077,58,5104
90942-01082,410,5104
90942-01093,4,5104
90942-01103,1252,5104
90942-01109,19,5104
90942-02071,10,5104
90942-02072,44,5104
90942-05042,31,5104
90942-A1001,8,5104
90942-A1009,1397,5104
90942-A1011,150,5104
90947-02A16,2,5104
90947-02C49,14,5104
90947-02F19,26,5104
90947-02F23,29,5104
90947-02F24,23,5104
90947-02F53,2,5104
90948-01060,12,5104
90948-01061,239,5104
90948-01075,14,5104
90948-01080,4,5104
90948-02002,26,5104
90948-02005,28,5104
90948-02170,21,5104
90948-02179,30,5104
90948-03011,88,5104
90948-03024,30,5104
90950-01956,143,5104
90950-01983,119,5104
90975-02071,2,5104
90975-02081,11,5104
90975-02127,34,5104
90980-11246,38,5104
90980-11349,24,5104
90980-11885,30,5104
90980-12831,21,5104
90981-08H14,16,5104
90981-11018,3,5104
90981-11069,45,5104
90981-13046,156,5104
90981-13063,27,5104
90981-13085,2,5104
90981-13090,87,5104
90981-14011,36,5104
90981-15021,104,5104
90981-17022,17,5104
90981-8Y003,50,5104
90981-AD006,82,5104
90982-05035,10,5104
90982-05069,18,5104
90982-06022,94,5104
90982-06024,66,5104
90982-06059,36,5104
90982-06070,2,5104
90982-08295,1,5104
90982-09020,60,5104
90982-09025,214,5104
90999-00186,10,5104
90999-73115,142,5104
90999-73135,11,5104
91512-61035,36,5104
91512-81035,13,5104
91651-60818,36,5104
91651-B0814,20,5104
91672-L1240,26,5104
91674-E1028,35,5104
91674-K1240,6,5104
922006W80A,3,5104
924002S400,7,5104
9240059G00,9,5104
92412EA500,3,5104
93520-54010,1,5104
94110-51000,36,5104
94130-61000,87,5104
94151-21001,130,5104
94151-21201,62,5104
94151-21601,45,5104
94151-80840,17,5104
94180-41000,27,5104
94182-10800,2,5104
94184-01241,8,5104
95161-30516,35,5104
95381-03025,26,5104
95510VB005,46,5104
96134-52600,22,5104
96136-54801,30,5104
96711-24030,7,5104
96721-24025,265,5104
96721-31130,17,5104
96722-24030,8,5104
96723-24020,27,5104
96761-19016,100,5104
96761-24019,39,5104
96761-24023,32,5104
96761-24035,7,5104
96761-24040,44,5104
96761-35031,30,5104
99132-11230-76,24,5104
99132-12050,432,5104
99322-00910-8T,191,5104
99332-11205-8T,1,5104
99332-11210,45,5104
99366-D1930,9,5104
99366-H1680,109,5104
99366-H1840,4,5104
99367-31350,5,5104
99367-C2090,236,5104
99367-K1550,55,5104
99367-K1620,10,5104
99367-K2040,60,5104
99913-11500,3,5104
99914-11214,25,5104
99915-10700,10,5104
A2010EA09C,20,5104
A3270JK20A,64,5104
A3270JK20B,78,5104
B1010W36XF,9,5104
B2401JA01JNW,172,5104
B78911FC0A,60,5104
B88909CAXB,9,5104
B8893CT18E,49,5104
B889UHS26E,2,5104
B8913JK00A,25,5104
C7521W1085,3,5104
C97DAJA00K,37,5104
D10600W7X5,15,5104
D10601FC0A,1,5104
D10603XA0A,43,5104
D10604GA5A,143,5104
D10606JF0A,137,5104
D10608H386,7,5104
D1060ZP00C,88,5104
D106M1HAXC,450,5104
D106M1LBXA,50,5104
D106MJD0XA,21,5104
D40601UY6A,87,5104
D40604EA0B,73,5104
D4060JA00J,132,5104
D406M1JZXA,181,5104
D4100WK585,41,5104
D8203JK60A,10,5104
E61103S125,25,5104
E6110EB74B,6,5104
E61AA1CB1C,10,5104
E6A10JK00B,5,5104
KE26089989,25,5104
N50425DA1B,80,5104
N50425DA2B,24,5104
SU003-03677,1,5104
SU003-04554,15,5104
SU003-04678,10,5104
04371-60070,6,5105
04465-60380,1,5105
11011-38050,1,5105
11011-75020,4,5105
11159-31010,3,5105
11193-70010,100,5105
11214-50011,1,5105
12102-38010,2,5105
12180-28010,6,5105
12204-31040,6,5105
12204-50030,20,5105
12262-50100,1,5105
12305-37070,1,5105
12371-50140,1,5105
12372-22200,2,5105
13041-75070-04,12,5105
13204-66031,1,5105
13503-62030,2,5105
13506-75070,2,5105
13507-28010,1,5105
13540-50030,2,5105
13540-67020,2,5105
13568-19195,2,5105
13568-59095,10,5105
13568-79325,3,5105
15165-74020,5,5105
16100-39436,1,5105
16100-39545,3,5105
16325-62010,6,5105
16572-31170,3,5105
16604-31030,5,5105
16604-50030,8,5105
16620-75031,1,5105
19850-30010,2,5105
23620-19105,1,5105
25628-51010,13,5105
25634-17010,1,5105
27370-0C020,50,5105
27370-75060,10,5105
28226-50080,1,5105
33394-37010,1,5105
35168-21020,5,5105
35330-33030,2,5105
35330-60010,1,5105
3834200Q0E,1,5105
41651-60010,10,5105
44348-33250,6,5105
44348-50020,1,5105
44412-22471,20,5105
45047-09260,1,5105
45535-26030,5,5105
46530-34010,40,5105
46540-20070,4,5105
47743-33340,3,5105
48609-33260,10,5105
48609-60100,6,5105
48674-26040,4,5105
48702-60110,1,5105
48815-12340,16,5105
48815-52080,1,5105
48815-60150,12,5105
48818-32130,8,5105
52119-42987,1,5105
52155-60100,1,5105
52201-60050,1,5105
53286-42130,4,5105
53292-60160,1,5105
53876-60080,1,5105
55799-28010,3,5105
64401-33760,1,5105
68610-33091,1,5105
68620-60112,2,5105
68801-60052,3,5105
74611-60071-B0,2,5105
75561-33030,2,5105
82675-60020,6,5105
84999-10250,1,5105
85214-28080,9,5105
85214-42040,61,5105
85381-28230,1,5105
87931-60B60,1,5105
88440-0K381,1,5105
90301-04011,2,5105
90301-22014,1,5105
90301-32012,5,5105
90311-38067,5,5105
90311-50052,5,5105
90311-51010,1,5105
90311-89015,1,5105
90341-18006,20,5105
90430-12037,1,5105
90430-16017,1,5105
90480-18001,10,5105
90480-18006,4,5105
90501-35035,2,5105
90520-31010,1,5105
90910-02164,30,5105
90915-YZZE2,20,5105
90916-02728,5,5105
90916-03138,10,5105
90916-03144,1,5105
90919-11009,30,5105
90942-01103,20,5105
90942-02081,2,5105
99322-00910-8T,20,5105
