04004-49133,04004-49273
04111-0C093,04111-0C098
04111-0C097,04111-0C098
04111-0L080,04111-30724
04111-0L081,04111-0L084
04111-0L082,04111-0L084
04111-0L083,04111-0L084
04111-0S021,04111-0S023
04111-21043,04111-21045
04111-21044,04111-21045
04111-21062,04111-21353
04111-30577,04111-30578
04111-30657,04111-30659
04111-31B50,04111-31B52
04111-75808,04111-75B11
04111-75858,04111-75A42
04111-97401,04111-B1011
04111-BZ940,04111-BZ945
04112-0C062,04112-0C063
04112-37075,04112-37076
04371-0K050,04371-0K110
04371-60040,04371-60060
04427-0K020,04427-0K022
04427-0K021,04427-0K022
04427-60090,04427-60092
04428-06410,04428-06460
04428-06420,04428-0W030
04437-60050,04437-60052
04438-35060,04438-35061
04446-02070,04446-02140
04465-0F010,04465-0F012
04465-0K350,04465-0K420
04465-60151,04465-60220
04465-60190,04465-60230
04466-12130,04466-12150
04466-30310,04466-30312
04466-47100,04466-47101
04495-02200,04495-02212
08886-81885,08886-81885
08886-81895,08886-81015
08886-81896,08886-81016
11115-0E020-A0,11115-0E010-A0
11115-21080,11115-21091
11115-37040,11115-37061
11115-37051,11115-37061
11115-37060,11115-37061
11213-0C010,11213-0C011
11214-0C010,11214-0C011
11310-0C020,11310-0C022
11400-31300,11400-39135
11401-59595,11401-59596
11701-0C010-02,11701-0C011-02
11701-31061-02,11701-31100-B2
11701-31090-02,11701-31100-B2
11701-47012-02,11701-47013-02
11701-75031-02,11701-75033-02
11701-75031-03,11701-75033-03
11911-0H010-01,11911-28011-01
12262-28020,12262-28021
12305-0T090,12305-0T092
12306-0C011,12306-75040
12309-0H080,12309-28161
12309-0H081,12309-28161
12309-0P030,12309-31080
12361-0L021,12361-0L020
12361-17031,12361-17034
12361-30141,12361-30143
13011-21040,13011-21120
13041-0C010-04,13041-0C060-04
13041-0C050-04,13041-0C060-04
13041-21022-01,13041-21033-01
13041-31041-01,13041-31090-01
13041-75040-04,13041-75070-04
13041-75050-04,13041-75070-04
13101-0S010,13101-0S011
13101-0W020,13101-0W021-A0
13101-31030,13101-31030-A0
13201-09671,13201-09673
13201-09672,13201-09673
13201-0L011,13201-30041
13201-39126,13201-39235-A0
13201-39126-B0,13201-39235-B0
13201-79476,13201-79478
13201-79479,13201-79478
13201-79576,13201-79578
13201-79577,13201-79578
13204-75050,13204-75070
13265-22020,13265-22040
13501-30030,13501-30040
13502-30020,13502-30030
13505-0L010,13505-67042
13505-67040,13505-67042
13506-0E010,13506-0E011
13511-17031,13511-17032
13540-0C010,13540-0C021
13540-0C011,13540-0C021
13540-36010,13540-36041
13540-75030,13540-75041
13554-0C010,13554-0C011
13559-21010,13559-21031
13561-0C020,13561-0C040
13568-09130,13568-39016
15330-22050,15330-22030
15330-28010,15330-28020
15613-78021,15613-E0080
16100-29155,16100-29158
16100-29156,16100-29158
16210-51031,16210-51033
16268-75091,16268-75112
16268-75110,16268-75112
16363-0H110,16363-0V010
16363-0V180,16363-36120
16363-28370,16363-36210
16400-50381,16400-50384
16400-50382,16400-50384
16401-30011,16401-30013
16401-30012,16401-30013
16401-30013,16475-28140
16401-31520,16401-36020
16470-0L010,16470-0L013
16470-0L081,16470-0L083
16475-28120,16475-28140
16475-37010,16475-28140
16520-17020,16520-17022
16572-31360,16572-31361
16603-31010,16603-31040
16603-38010,16603-38012
16620-0S010,16620-0S012
16620-31011,16620-31013
16620-36010,16620-36013
16620-36011,16620-36013
16620-75010,16620-75031
16620-75021,16620-75051
17208-51010,17208-51011
17801-03010,17801-74060
17801-03020,17801-74060
17801-38011,17801-0V040
19000-0L061,19000-30431
19000-51041,19000-51180
19000-51181,19000-51180
22204-0C020,22204-22010
22204-31020,22204-0P010
23209-09045,23209-79205
23220-0T240,23220-0T241
23280-75040,23280-75130
23300-0L020,23300-0L042
23300-0L110,23300-0L111
23670-39315,23670-39316
23807-0C010,23807-0C012
25701-38060,25701-38064
25701-38061,25701-38064
25701-38062,25701-38064
27370-58460,27370-0C020
27700-21020,27700-21020-1
31210-05130,31210-05132
31210-12180,31210-12282
31210-12181,31210-12282
31210-12182,31210-12282
31210-12241,31210-28072
31210-22161,31210-53040
31210-35101,31210-53040
31230-12190,31230-12191
31230-52040,31230-0D020
31230-71050,31230-71052
31250-0K150,31250-60501
31250-0K151,31250-0K152
31250-12540,31250-12361
31250-25160,31250-26260
31250-26210,31250-26260
31250-33040,31250-33042
31250-36451,31250-36632
31250-36580,31250-60501
31250-60224,31250-60432
31250-60231,31250-60401
31250-60430,31250-60432
31250-60461,31250-60531
31250-60470,31250-60472
31250-60530,31250-60531
31420-0K012,31420-0K014
31420-60030,31420-60032
33331-60040,33331-60H00
33548-04010,33548-31010
35787-33010,35787-48021
37100-0K261,37100-0K263
41110-3D590,41110-3D592
41110-60830,41110-60831
41110-6A310,41110-6A312
41110-6A311,41110-6A312
41204-35100,41204-0K060
41400-35032,41400-35034
42181-60020,42181-0K030
42181-60080,42181-60170
42431-06140,42431-33130
42607-08010,42607-0C070
42607-30030,42607-30060
42611-06454,42611-33541
42611-26150,42611-26152
42611-48750,42611-48751
43324-69015,43324-69085
43410-06640,43410-06A50
43420-06670,43420-06B00
43420-06811,43420-06812
43502-60180,43502-60201
43502-69085,43502-69087
43512-06100,43512-33H00
43512-06140,43512-33140
43512-30370,43512-30371
43516-30060,43516-30061
44200-0K040,44200-0K890
44412-22470,44412-22471
45410-36040,45410-36041
46420-60110,46420-60112
47050-60660,47050-60661
47050-60680,47050-60682
47050-60681,47050-60682
47050-60730,47050-60732
47050-60731,47050-60732
47070-60040,47070-60060
47201-0C070,47201-0C071
47547-20010,47547-0D030
47815-33240,47715-07050
48007-60020,48007-60023
48007-60021,48007-60023
48510-09Q98,48510-8Z162
48510-69085,48510-69095
48510-69175,48510-80395
48510-69176,48510-80395
48510-74060,48510-74062
48510-8Z296,48510-8Z253
48511-69495,48511-69686
48511-69525,48511-69585
48530-0C130,48530-0C132
48531-48100,48531-48282
48531-48280,48531-48282
48531-69735,48531-69795
48531-BZ280,48531-BZ284
48609-06150,48609-06140
48815-06170,48815-06111
48820-60080,48820-60082
48830-42021,48830-42022
48849-60040,48849-60041
52030-60090,52030-60901
52040-60080,52040-60901
52115-26150,52115-26170
52116-26150,52116-26170
52128-60170,52128-60171
52161-16010,52161-0K040
52521-06040,52521-33080
53101-06912,53101-06350
53101-33270-B0,53101-33270-C0
53301-06170,53301-06150
53410-33300,53410-33301
53420-02050,53420-12330
53420-33300,53420-33301
53866-60080,53866-60090
53875-06090,53875-33150
56101-60924,56101-60950
56101-60F00,56101-60F01
56101-6A969,56101-60903
56117-30340,56117-64010
57022-48040,57022-48013
64810-0K080,64810-0K081
67761-60050-A1,67761-60060-A0
68105-26150,68105-26151
68163-35040,68163-35041
69350-26120,69350-26122
69975-33010,69975-33010-1
71398-33010,71398-33010-C0
74102-60110-E0,74102-60110-B0
74645-60050,74645-60051-B0
75431-42020,75431-42150
75711-60070,75711-60071
75721-60070,75721-60071
75770-0K310,75770-0K311
76622-0K220,76622-0K120
77024-02132,77024-02133
77024-05010,77024-02320
77024-33190,77024-33370
77169-33020,77169-33030
77300-33070,77300-47010
77300-50020,77300-28010
78110-60050,78110-60061
81110-0K661,81110-0K662
81150-0K661,81150-0K662
81210-60111,81210-60112
81220-0T010,81220-06071
81220-48050,81220-48051
81220-60031,81220-60032
81551-26200,81551-26202
81551-42200,81551-42202
81560-60670,81560-60671
81561-42200,81561-42202
81590-42030,81590-42032
81920-13021,81920-13022
84340-09040,84340-09041
84340-09070,84340-09310
84461-60080,84461-60081
85212-06140,85212-33260
85212-0c020,85212-0C030
85214-06160,85214-52110
85222-06090,85222-33241
85315-8Y002,85315-8Y003
85353-60060-B2,85353-60901
85354-60060-B2,85354-60901
87139-02110,87139-02140
88501-60390,88501-60392
88501-60410,88501-60412
89424-60010,89424-60010-1
89533-60241,89533-60380
89751-13010,89751-13012
89904-60790,89904-60792
90080-36200,90080-36133
90118-WB433,90118-WBA40
90119-06084,90119-06084-1
90301-07024,90301-07037
90310-52001,90311-52059
90311-34028,90311-34042
90311-34036,90311-34051
90311-34043,90311-34051
90311-35046,90311-35054
90311-40032,90311-40048
90311-47011,90311-47027
90311-47012,90311-47027
90311-48029,90311-48031
90311-50023,90311-50052
90311-73001,90311-73005
90311-89003,90311-89010
90311-89005,90311-89015
90311-89006,90311-89015
90311-T0029,90311-T0095
90311-T0090,90311-T0010
90374-62001,90374-62009
90467-08011,90467-08011-TH
90467-08186-C0,90467-08186-C3
90915-20001,90915-20003
90915-TB001,90915-20003
90916-02554,90916-02571
90919-01280,90919-01289
90919-01281,90919-01298
90919-02250,90919-02256
90919-02251,90919-02255
90919-02253,90919-02274
90919-21475,90919-29075
90981-13015,90981-13058
90981-20028,90981-20024
99132-13050,99132-13050-1
99322-00910-83,99322-00910-8T
99915-10700,99915-10700-1
G92DH-33040,G92DH-33070
04111-0C160,04111-0C162
04111-0E040,04111-0E042
04111-0E110,04111-0E111
04111-0L093,04111-0L094
04111-0P064,04111-0P065
04111-0Q022,04111-0Q023
04111-0S022,04111-0S023
04111-14051,04111-14052
04111-17010,04111-17011
04111-21352,04111-21353
04111-21371,04111-21372
04111-25111,04111-25241
04111-28883,04111-28884
04111-30578,04111-30579
04111-30658,04111-30659
04111-30674,04111-30675
04111-30722,04111-30724
04111-30764,04111-30765
04111-31444,04111-31445
04111-31561,04111-31562
04111-31683,04111-31684
04111-31A42,04111-31A43
04111-31B51,04111-31B52
04111-31D20,04111-31D21
04111-37096,04111-37097
04111-38163,04111-38164
04111-38290,04111-38291
04111-40074,04111-40075
04111-50121,04111-50410
04111-50540,04111-50541
04111-51026,04111-51027
04111-51034,04111-51035
04111-51044,04111-51045
04111-51050,04111-51051
04111-54080,04111-54084
04111-54120,04111-54121
04111-58281,04111-58282
04111-66035,04111-66036
04111-66045,04111-66047
04111-66054,04111-66101
04111-70091,04111-70092
04111-70310,04111-70312
04111-75801,04111-75D80
04111-75851,04111-75E00
04111-75980,04111-75D30
04111-75985,04111-75D40
04111-75A41,04111-75A42
04111-75B10,04111-75B11
04111-BZ942,04111-BZ945
04112-0C063,04112-75874
04112-21043,04112-21045
04112-36124,04112-36125
04112-37076,04112-37077
04112-66044,04112-66091
04112-75684,04112-75685
04152-31040,04152-31080
04152-31060,04152-38010
04152-YZZA1,04152-YZZD1
04152-YZZA4,04152-YZZD4
04152-YZZA5,04152-YZZD5
04152-YZZA6,04152-YZZD6
04152-YZZA8,04152-YZZD8
04331-26200,04331-26201
04331-35170,04331-35171
04362-35061,04362-35062
04371-04030,04371-04031
04371-0C082,04371-0C084
04371-0K060,04371-0K110
04371-30020,04371-60100
04371-35050,04371-60070
04371-36030,04371-60210
04371-60041,04371-60060
04375-0C041,04375-0C042
04427-08190,04427-08240
04427-0K022,04427-0K023
04427-0K062,04427-0K063
04427-12631,04427-12633
04427-12681,04427-12682
04427-42010,04427-42011
04427-60092,04427-60093
04427-60120,04427-60121
04427-60130,04427-60131
04427-60140,04427-60141
04428-06170,04428-06410
04428-06570,04428-0W070
04428-12780,04428-12781
04434-60080,04434-60090
04437-0K020,04437-0K021
04437-60052,04437-60053
04437-60080,04437-60081
04438-06250,04438-06400
04438-06600,04438-08130
04438-35061,04438-35062
04446-60061,04446-60250
04465-02310,04465-12630
04465-02390,04465-02391
04465-06110,04465-33450
04465-07010,04465-33471
04465-0F011,04465-0F012
04465-0K320,04465-0K340
04465-0K430,04465-0K431
04465-0K520,04465-0K590
04465-0W070,04465-48100
04465-12581,04465-12592
04465-26420,04465-26421
04465-30330,04465-30480
04465-30410,04465-30500
04465-35080,04465-35280
04465-36010,04465-36020
04465-42150,04465-42180
04465-42160,04465-42200
04465-48010,04465-48060
04465-48150,04465-48190
04465-60080,04465-60100
04465-60160,04465-60240
04465-60220,04465-60230
04465-60250,04465-60340
04465-B4030,04465-B4062
04465-BZ010,04465-BZ170
04465-F4020,04465-F4021
04466-05041,04466-05043
04466-06090,04466-33180
04466-0W010,04466-0W020
04466-12140,04466-12150
04466-30281,04466-30282
04466-30311,04466-30312
04466-42090,04466-F4020
04466-47030,04466-76012
04466-60090,04466-60140
04466-60120,04466-60160
04466-60190,04466-60191
04466-78010,04466-78020
04474-36040,04474-36041
04474-36050,04474-36051
04478-02310,04478-12110
04478-0D190,04478-0D191
04478-0K190,04478-0K250
04479-60080,04479-60081
04483-60121,04483-60200
04484-60050,04484-60120
04493-60120,04493-60140
04495-37032,04495-37034
04495-52100,04495-52140
04495-52120,04495-52121
04495-60010,04495-60070
04495-BZ010,04495-BZ011
04945-06120,04945-33260
04945-12110,04945-12111
04947-06090,04947-33240
04947-0K040,04947-0K080
04952-02030,04952-02230
04952-02310,04952-02311
08813-00840,08813-80020
08813-00860,08813-80100
08823-80010,08823-80250
08885-81026,08885-81896
08886-02305,08886-81885
08886-80807,08886-81886
08886-81015,08886-81895
08886-81016,08886-81896
08889-80039,08889-80500
09111-60131,09111-60132
11011-56020,11011-58020
11101-17010,11101-17012
11101-51022,11101-51023
11101-75171,11101-75172
11102-51012,11102-51013
11115-16130,11115-16150
11115-21090,11115-21091
11115-22031,11115-22050
11115-28012,11115-28040
11115-31060,11115-31080
11115-31090,11115-31091
11115-36030,11115-36031
11115-37061,11115-37062
11115-38020,11115-38021
11115-66030,11115-66031
11115-71010,11115-73041
11115-73010,11115-73030
11115-75030,11115-75031
11115-75051,11115-75052
11116-31010,11116-31011
11116-31040,11116-31060
11116-31070,11116-31071
11176-0E010,11176-33010
11176-0L011,11176-30011
11176-17020,11176-27011
11176-56030,11176-56031
11201-0C011,11201-0C012
11210-0L020,11210-30110
11210-30082,11210-30083
11212-21032,11212-21060
11213-0E010,11213-11070
11213-0H010,11213-28021
11213-0L010,11213-30021
11213-37020,11213-37021
11213-66020,11213-66021
11213-75040,11213-75041
11214-0P040,11214-31020
11214-75011,11214-75012
11310-0C010,11310-0C011
11310-0C021,11310-0C022
11310-31013,11310-31014
11320-0L030,11320-30060
11400-39125,11400-39135
11401-75081,11401-75230
11704-17010,11704-17011
11704-21020,11704-21032
11704-56032,11704-58010
11704-75032,11704-75033
12102-0P020,12102-31051
12180-0H020,12180-28010
12204-37020,12204-37030
12260-0V070,12260-36040
12261-31090,12261-31160
12262-0D050,12262-22040
12263-75060,12263-75070
12305-0C050,12305-0C051
12305-0D051,12305-22270
12305-0M131,12305-0M132
12305-0T091,12305-0T092
12305-0T130,12305-37070
12305-0T210,12305-0T211
12305-28260,12305-28261
12305-37340,12305-37341
12306-0C012,12306-75040
12309-0P033,12309-31080
12309-0V090,12309-0V130
12309-28160,12309-28161
12360-31010,12360-31011
12361-0D120,12361-22090
12361-0L020,12361-0L021
12361-0S010,12361-0S020
12361-0V110,12361-36080
12361-17032,12361-17034
12361-28220,12361-28221
12361-30142,12361-30143
12361-30170,12361-30171
12361-31111,12361-31112
12361-38160,12361-38281
12362-0V100,12362-36052
12362-28190,12362-36030
12362-70022,12362-70023
12363-0P011,12363-31012
12363-0P141,12363-31033
12371-0C071,12371-0C072
12371-0L080,12371-0L081
12371-31050,12371-31051
12371-31081,12371-31082
12372-03050,12372-74370
12372-03090,12372-74570
12372-0H100,12372-28200
12372-0P010,12372-31010
12372-25010,12372-25011
12601-36040,12601-36041
13011-0C030,13011-75110
13011-0L030,13011-30051
13011-11121,13011-11122
13011-11200,13011-11201
13011-17010,13011-17030
13011-21041,13011-21120
13011-22220,13011-22221
13011-30060,13011-30061
13011-30080,13011-30081
13011-30090,13011-30150
13011-31100,13011-31200
13011-31150,13011-31151
13011-36070,13011-36071
13011-50140,13011-50141
13011-50160,13011-50162
13011-71032,13011-71033
13050-31121,13050-31122
13070-0Y020,13070-37010
13080-38020,13080-38021
13101-0C020,13101-75130
13103-30150,13103-30200
13201-30030,13201-30041
13201-79478,13201-79479
13201-79615,13201-79617
13204-21031,13204-21033
13204-51020,13204-51021
13204-58032,13204-58050
13204-75052,13204-75070
13205-58032,13205-58050
13265-28010,13265-28020
13303-50070,13303-50072
13401-75040,13401-75041
13470-31013,13470-31014
13501-75061,13501-75071
13502-0L020,13502-30040
13505-67041,13505-67042
13506-0C010,13506-75040
13506-0C020,13506-75050
13506-0E011,13506-11011
13506-0Y040,13506-47030
13507-0C010,13507-75030
13507-0E010,13507-0E011
13521-37010,13521-37011
13523-0C020,13523-75030
13530-0P011,13530-31011
13540-0E010,13540-11010
13540-0L010,13540-67020
13540-21010,13540-21020
13540-31010,13540-31011
13540-36040,13540-36041
13540-38041,13540-38042
13540-70020,13540-70021
13540-75040,13540-75041
13554-75020,13554-75021
13559-0C010,13559-0C030
13559-0C020,13559-0C040
13559-0E010,13559-11010
13559-0E020,13559-11020
13559-0S010,13559-38010
13559-21030,13559-21031
13559-37010,13559-37050
13559-66010,13559-66011
13559-75030,13559-75050
13559-75040,13559-75060
13561-0C010,13561-0C030
13561-0E010,13561-0E011
13561-11010,13561-11011
13561-31020,13561-31021
13561-37020,13561-37050
13561-75030,13561-75050
13561-75040,13561-75060
13562-0E010,13562-11010
13562-37010,13562-37020
13563-75020,13563-75021
13566-0Y010,13566-47030
13566-36010,13566-36011
13566-40030,13566-40031
13566-75010,13566-75020
13568-39015,13568-39016
13568-59106,13568-59175
13572-17020,13572-17021
13581-17011,13581-17012
13621-0C010,13621-75020
13632-0C010,13632-75010
13711-0C030,13711-0C031
13711-0C050,13711-0C051
13711-0L010,13711-30040
13711-0L020,13711-30030
13711-0P010,13711-31101
13711-0Y020,13711-47010
13711-31070,13711-31071
13715-0C030,13715-0C031
13715-0C050,13715-0C051
13715-0L010,13715-30040
13715-0Y020,13715-47010
13715-31090,13715-31091
13715-75100,13715-75140
13750-0C020,13750-75020
15100-0H030,15100-28020
15100-21040,15100-21042
15100-35010,15100-35020
15100-51020,15100-51021
15103-0C010,15103-0C013
15163-66020,15163-66021
15301-21060,15301-21062
15330-22030,15330-22050
15600-41010,90915-40002
15601-97202,15601-B2030
15613-89106,15613-E0080
15678-32010,15678-46020
15708-75010,15708-75020
15767-31010,15767-31020
16031-24010,16031-24011
16031-25010,16031-25011
16031-31030,16031-31031
16032-36011,16032-36012
16100-09070,16100-29085
16100-09460,16100-79445
16100-09710,16100-09711
16100-28040,16100-28041
16100-29157,16100-29158
16100-29495,16100-29496
16100-39425,16100-39426
16100-39435,16100-39436
16100-39455,16100-39456
16100-39485,16100-39486
16100-39495,16100-39496
16100-39515,16100-39516
16100-59275,16100-59276
16100-59365,16100-59366
16100-69356,16100-69357
16100-79155,16100-79455
16100-80012,16100-80015
16173-21020,16173-21021
16210-0C010,16210-75100
16210-30010,16210-30011
16210-30030,16210-30031
16210-31020,16210-31021
16210-38070,16210-38071
16210-38081,16210-38082
16210-50071,16210-50072
16210-50101,16210-50102
16210-51032,16210-51033
16264-0H020,16264-28060
16268-75111,16268-75112
16268-75130,16268-75131
16268-75140,16268-75141
16325-0C030,16325-76010
16325-0H020,16325-62010
16325-63010,16325-63011
16325-75010,16325-75011
16341-05020,16341-35010
16361-0A161,16361-20111
16363-0D160,16363-22100
16363-0H090,16363-28230
16363-0M010,16363-28150
16363-0M020,16363-28160
16363-0Y040,16363-0Y140
16363-20390,16363-75020
16363-75030,16363-75040
16400-0C281,16400-0C283
16400-0C381,16400-0C383
16400-0L431,16400-0L432
16400-0P360,16400-31860
16400-17400,16400-17401
16400-21230,16400-21240
16400-31352,16400-31354
16400-31572,16400-31573
16400-31603,16400-31604
16400-50383,16400-50384
16400-51030,16400-51031
16401-0H060,16401-0M010
16401-20353,16401-36030
16401-28280,16401-31480
16401-31792,16401-36020
16401-50370,16401-17010
16410-0D481,16410-22181
16470-03070,16470-03062
16470-0D060,16470-22091
16470-0L011,16470-0L013
16470-0L082,16470-0L083
16470-51020,16470-51030
16470-75123,16470-75124
16475-37011,16475-28140
164A2-0T070,164A2-37012
16502-21060,16502-21080
16520-17021,16520-17022
16523-03020,16523-74010
16523-0D070,16523-21050
16535-03040,16535-74210
16535-0D150,16535-21091
16535-0H070,16535-28030
16571-31270,16571-31271
16571-31291,16571-31292
16571-54630,16571-54631
16571-75232,16571-75233
16572-38130,16572-38131
16573-0D080,16573-22040
16577-22030,16577-22H01
16603-31030,16603-31040
16603-38011,16603-38012
16620-0C020,16620-0C021
16620-0L020,16620-30031
16620-0S011,16620-0S012
16620-0W100,16620-0W101
16620-0Y060,16620-0Y061
16620-31012,16620-31013
16620-36012,16620-36013
16620-75030,16620-75031
16620-75040,16620-75051
16711-0D321,16711-22160
16711-0V120,16711-36160
16711-17130,16711-17131
16711-17150,16711-17151
16711-31490,16711-31491
16711-51020,16711-51021
16711-66030,16711-66031
16711-75120,16711-75121
17120-38030,17120-38031
17120-38042,17120-38043
17171-36010,17171-36011
17176-31010,17176-31160
17176-31040,17176-31090
17177-0C010,17177-75040
17201-0L040,17201-0L042
17201-30200,17201-30201
17201-51021,17201-51022
17208-51011,17208-51012
17451-0C010,17451-74040
17565-0D110,17565-22030
17565-0L020,17565-74280
17700-0T101,17700-37211
17700-30260,17700-30261
17750-0V050,17750-0V051
17801-0H020,17801-20040
17801-0H030,17801-AZA09
17801-0J020,17801-23030
17801-0M020,17801-21050
17801-0P010,17801-31090
17801-0V040,17801-AZA02
17801-31100,17801-31170
17801-31130,17801-31131
17801-38010,17801-0V040
17801-38050,17801-38051
17801-52020,17801-52021
17801-74060,17801-AZA18
17801-75010,17801-AZA30
17801-BZ120,17801-BZ150
17893-22030,17893-22900
19000-51180,19000-51181
19037-62010,19037-62050
19070-BZ030,19070-BZ031
19102-11370,19102-16010
19850-0L010,19850-30010
19850-11010,19850-11040
22100-30040,22100-30090
22100-30160,22100-30161
22100-51032,22100-51042
22204-0V020,22204-28010
222A0-37024,222A0-37025
23100-69085,23100-69095
23209-29105,23209-29175
23209-39325,23209-39435
23209-79155,23209-79205
23220-36010,23220-36011
23220-75240,23220-75241
23291-0H020,23291-41010
23300-01010,23300-15010
23300-0L041,23300-0L042
23300-0L111,23300-0L112
23300-23030,23300-23040
23300-30204,23300-30205
23380-17530,23380-17531
23390-0E010,23390-0E011
23390-0L010,23390-0L041
23390-51020,23390-51070
23670-09071,23670-09330
23670-39025,23670-39026
23670-59036,23670-59037
23820-21100,23820-21101
25701-38063,25701-38064
27060-0L110,27060-0L290
27060-31180,27060-31260
27370-0M040,27370-31220
27415-0T011,27415-0T060
27415-0W041,27415-0W042
27415-0W120,27415-0W121
27415-0W130,27415-0W131
28100-17040,28100-17061
28100-51071,28100-51072
31204-35070,31204-35071
31210-05131,31210-05132
31210-0K280,31210-0K281
31210-0W031,31210-0W032
31210-10073,31210-10074
31210-12281,31210-12282
31210-20333,31210-42021
31210-26161,31210-26164
31210-28071,31210-28072
31210-35102,31210-53040
31210-35270,31210-60201
31210-60040,31210-36330
31210-60151,31210-60260
31210-60250,31210-60251
31210-BZ080,31210-BZ081
31230-17011,31230-17012
31230-35070,31230-35071
31230-35090,31230-35091
31230-36150,31230-36151
31230-52010,31230-52011
31230-60180,31230-60181
31230-60200,31230-60201
31230-60240,31230-60241
31230-71010,31230-71011
31230-71051,31230-71052
31230-71060,31230-71061
31236-35030,31236-71040
31250-0D010,31250-0D051
31250-0K060,31250-0K061
31250-0K204,31250-0K205
31250-0K260,31250-0K261
31250-0K280,31250-0K281
31250-12174,31250-12175
31250-12392,31250-12393
31250-26172,31250-26241
31250-26221,31250-26222
31250-26231,31250-26232
31250-26252,31250-26253
31250-26260,31250-26261
31250-33041,31250-33042
31250-35373,31250-35374
31250-35381,31250-35382
31250-35451,31250-35452
31250-36495,31250-60440
31250-36622,31250-36623
31250-36630,31250-36632
31250-37170,31250-37171
31250-42021,31250-42022
31250-52010,31250-52080
31250-52120,31250-52212
31250-53010,31250-53030
31250-60170,31250-60481
31250-60382,31250-60383
31250-60400,31250-60401
31250-60431,31250-60432
31250-60451,31250-60452
31250-60471,31250-60472
31250-60500,31250-60501
31400-19025,31400-19026
31400-59015,31400-59025
31401-36062,31401-37011
31410-12380,31410-12381
31410-60400,31410-60620
31410-60590,31410-60591
31410-60650,31410-60651
31420-02031,31420-02032
31420-0K013,31420-0K014
31420-0K070,31420-0K071
31420-26200,31420-26201
31420-60031,31420-60032
31420-60050,31420-60051
31420-60070,31420-60071
31470-60160,31470-60161
32910-06030,32910-33100
32910-60160,32910-60161
33030-6A412,33030-6A414
33034-60030,33034-60090
33037-0K050,33037-35030
33039-0K011,33369-0K010
33039-60023,33039-60030
33212-0K010,33212-35023
33321-35140,33321-35141
33331-60H00,33331-60H01
33361-60050,33361-71020
33362-60030,33362-60031
33368-35050,33368-35080
33368-35070,33368-35090
33384-60090,33384-26010
33506-0K010,33506-0K011
33506-0K020,33506-0K021
33530-0K441,33530-0K442
33820-26364,33820-V3070
33821-36041,33821-36042
33822-36031,33822-36032
35168-34010,35168-34020
35330-0W020,35330-0W021
35330-33050,35330-48020
35410-33250,35410-33260
35681-60030,35681-60031
35787-48020,35787-48021
37110-6A320,37110-6A321
37230-09030,37230-09120
37230-0K011,37230-35130
41110-0K051,41110-0KC80
41110-3D591,41110-3D592
41110-60281,41110-60282
41110-60831,41110-60832
41110-60A30,41110-60A31
41110-60B00,41110-60B01
41110-60B70,41110-60B71
41110-6A312,41110-6A313
41110-6A331,41110-6A332
41201-69395,41201-80472
41341-30020,41341-30050
41400-35033,41400-35034
42181-60090,42181-60160
42304-06220,42304-48010
42304-30090,42304-30110
42312-60140,42312-60141
42410-48060,42410-48061
42410-69025,42410-69026
42420-69015,42420-69016
42423-0K020,42423-71010
42431-02110,42431-12310
42431-60260,42431-60261
42450-02211,42450-12170
42450-05040,42450-63011
42450-06080,42450-48011
42450-06130,42450-33030
42450-52060,42450-52061
42460-06060,42460-48011
42460-06090,42460-33010
42601-60611,42601-60612
42603-0D090,42603-52110
42603-30550,42603-30551
42603-60230,42603-60231
42607-06011,42607-06012
42607-0C050,42607-0C070
42607-30070,42607-30071
42607-33011,42607-33012
42607-33021,42607-33022
42607-50011,42607-50012
42610-36481,42610-36482
42611-26152,42611-26153
43110-60361,43110-60362
43204-60031,43204-60032
43211-02330,43211-12490
43211-06220,43211-58010
43211-0F020,43211-0F040
43211-60110,43211-60111
43211-60250,43211-60251
43212-02330,43212-12440
43212-06220,43212-58010
43212-60110,43212-60111
43310-09015,43310-09017
43324-69035,43324-69085
43330-09630,43330-09631
43330-09680,43330-29425
43330-19245,43330-19275
43330-39315,43330-39835
43330-49095,43330-49215
43340-39575,43340-39595
43401-60080,43401-60081
43401-60090,43401-60091
43410-06660,43410-06680
43410-06790,43410-33311
43410-06A50,43410-06B80
43420-06870,43420-33301
43420-06A60,43420-06B00
43421-60030,43421-60060
43430-60060,43430-60061
43460-09V10,43460-09V11
43460-69036,43460-69145
43460-69175,43460-69177
43502-02120,43502-32080
43502-06090,43502-28090
43502-50021,43502-50022
43502-69086,43502-69087
43512-02300,43512-12710
43512-0K180,43512-0K300
43512-22260,43512-22261
43512-30371,43512-53050
43512-33041,43512-33042
43512-33130,43512-33140
43512-48011,43512-48031
43512-60170,43512-60171
43512-60190,43512-60191
43516-22010,43516-22011
43516-30061,43516-53030
43550-30020,43550-30021
43550-47010,43550-47011
43550-50031,43550-50032
43560-26010,43560-V3010
43560-30010,43560-30011
43570-60010,43570-60011
43570-60030,43570-60031
44050-30260,44050-30670
44200-0K390,44200-0K890
44200-0K510,44200-0K870
44200-26532,44200-V3020
44200-26551,44200-V3040
44200-60201,44200-60203
44200-60221,44200-60223
44250-07180,44250-07181
44250-0K731,44250-0K733
44305-22060,44305-22061
44310-12530,44310-20850
44310-26370,44310-26371
44310-60551,44310-60552
44310-60640,44310-60641
44348-06230,44348-33130
44348-22200,44348-22201
44360-60290,44360-60291
44402-06101,44416-33171
44610-09290,44610-09820
45046-59195,45046-59255
45046-69235,45046-69236
45047-59135,45047-59165
45047-69145,45047-69146
45280-60600,45280-60610
45410-36041,45410-36042
45503-60030,45503-60050
45510-12450,45510-12451
45535-60020,45535-60021
46410-02130,46410-12320
46420-60111,46420-60112
46430-60041,46430-60042
46530-30020,46530-30021
46540-28010,46540-44010
46540-60010,46540-60020
46540-60031,46540-60050
46550-60041,46550-60060
46550-60050,46550-60070
46580-60010,46580-60020
46580-60031,46580-60050
47050-60110,47050-60111
47050-60310,47050-60311
47050-60330,47050-60331
47050-60661,47050-60662
47050-60682,47050-60683
47050-60700,47050-60702
47050-60732,47050-60733
47050-60791,47050-60792
47201-33631,47201-33632
47201-60400,47201-60460
47201-60831,47201-60832
47201-60A20,47201-60A22
47201-60A30,47201-60A32
47230-24010,47230-47090
47550-37112,47550-37113
47550-BZ010,47550-BZ011
47560-37081,47560-37082
47715-07050,47815-33240
47715-07060,47814-48050
47715-48010,47815-48090
47731-33090,47731-33340
47748-60020,47748-60030
48007-60022,48007-60023
48068-02250,48068-02220
48068-02300,48068-02301
48068-09230,48068-09251
48068-33060,48068-33070
48068-48020,48068-58010
48068-48041,48068-48070
48068-59135,48068-59145
48069-02250,48069-02220
48069-02300,48069-02301
48069-09240,48069-09261
48069-33060,48069-33070
48069-48020,48069-58010
48069-48041,48069-48070
48069-60050,48069-60051
48131-06D10,48131-06D70
48157-07010,48157-33030
48158-06060,48158-33030
48190-0K030,48190-60020
48198-60010,48198-60011
48258-06020,48258-06030
48304-0K040,48304-0K041
48331-06011,48331-33021
48331-33070,48331-33071
48341-32053,48341-32054
48471-06020,48471-41010
48510-09S60,48510-09S61
48510-49155,48510-49167
48510-49255,48510-49256
48510-59086,48510-59106
48510-69086,48510-69095
48510-69475,48510-69476
48510-69485,48510-69495
48510-69525,48510-69675
48510-69535,48510-80395
48510-74021,48510-74022
48510-74042,48510-74043
48510-74061,48510-74062
48510-80357,48510-80416
48510-80603,48510-80648
48510-8Z163,48510-8Z362
48511-69185,48511-69187
48511-69505,48511-69645
48511-69535,48511-69595
48511-69605,48511-69585
48511-69665,48511-69666
48511-69675,48511-69676
48511-69685,48511-69686
48511-80101,48511-80165
48511-80107,48511-80169
48511-80128,48511-80174
48520-49155,48520-49167
48520-49365,48520-49366
48520-74020,48520-74022
48520-74041,48520-74043
48520-74060,48520-74062
48520-80096,48520-80125
48520-80126,48520-59505
48520-80317,48520-80350
48520-8Z176,48520-8Z194
48530-0C131,48530-0C132
48530-29825,48530-29875
48530-34051,48530-34053
48530-59106,48530-59126
48530-69515,48530-69516
48530-69525,48530-69526
48530-80283,48530-80324
48530-80610,48530-80680
48530-80665,48530-80847
48530-80711,48530-80756
48530-A9690,48530-A9896
48531-48132,48531-48133
48531-48281,48531-48282
48531-69245,48531-69417
48531-69536,48531-69805
48531-69755,48531-69795
48531-BZ491,48531-BZ493
48609-02290,48609-12530
48609-06190,48609-33190
48609-06210,48609-33210
48609-06280,48609-06330
48609-0K020,48609-0K140
48609-33120,48609-33121
48610-59085,48610-59125
48610-59095,48610-59135
48630-59085,48630-59125
48630-59095,48630-59135
48632-60020,48632-60040
48655-06030,48655-06060
48702-60030,48702-60031
48710-06030,48710-33051
48720-0K010,48720-0K030
48730-07050,48730-33150
48802-60050,48802-60120
48805-60160,48805-60180
48810-60050,48810-60051
48815-02250,48815-12340
48815-06060,48815-33040
48815-06070,48815-33050
48815-06080,48815-33090
48815-0D190,48815-52140
48815-0K020,48815-0K130
48815-25050,48815-26420
48815-28170,48815-28171
48815-30570,48815-30571
48815-33100,48815-33101
48815-42110,48815-42111
48815-60180,48815-60350
48815-60240,48815-60241
48815-60270,48815-60271
48815-60310,48815-60380
48817-52010,48817-52011
48818-06110,48818-33050
48818-06260,48818-12170
48818-33100,48818-33101
48818-33110,48818-33111
48818-33120,48818-33121
48818-48020,48818-48021
48820-06040,48820-28050
48820-26050,48820-26051
48820-60081,48820-60082
48824-02080,48824-26210
48832-06120,48832-33060
48876-60021,48876-60022
48886-60021,48886-60022
48910-60031,48910-60032
48910-60040,48910-60042
51035-06030,51035-33030
51036-06030,51036-33030
51206-06070,51206-33100
51441-33080,51441-33240
51442-33080,51442-33230
51759-60111,51759-60160
51779-60111,51779-60180
52025-60030,52025-60031
52026-60030,52026-60031
52114-48180,52114-48901
52115-02220,52115-12460
52115-26170,52115-26210
52115-60140,52115-60141
52116-02220,52116-12420
52116-26170,52116-26210
52119-0K280,52119-0K980
52119-12941,52119-12948
52119-26650,52119-26651
52119-26670,52119-26671
52119-33998,52119-3T922
52119-35913,52119-35919
52119-48992,52119-48993
52127-06070,52127-33040
52127-06080,52127-33050
52127-47903,52127-47908
52128-06070,52128-33050
52128-06080,52128-33060
52128-06190,53804-33030
52128-47903,52128-47907
52155-02120,52155-12320
52157-06030,52157-33010
52159-06931,52159-06957
52159-0K290,52159-0K291
52159-0U933,52159-0U954
52159-60918,52159-60964
52159-78904,52159-78918
52161-0K060,52161-16010
52202-60040,52202-60100
52202-60060,52202-60080
52453-F4010,52453-F4011
52462-33050,52462-33060
52521-06070,52521-33080
52535-06180,52535-33050
52535-42020,52535-42021
52535-52110,52535-52111
52536-06040,52536-33040
52536-06170,52536-33050
52536-42020,52536-42021
52561-06040,52561-33050
52576-33090,52576-33091
52611-06350,52611-33200
53101-07010,53101-07900
53101-42270,53101-42330
53101-60322,53101-60420
53101-60412,53101-60946
53101-60460,53101-60461
53101-60A40,53101-60A41
53102-33080,53112-33200
53111-06620,53111-33380
53111-0K902,53111-0K914
53111-12A20,53111-12A30
53111-26390,53111-26391
53112-02330,53112-12230
53112-02520,53112-02630
53141-47030,53141-47031
53208-06050,53208-33030
53209-60150,53209-60151
53216-06110,53216-33130
53216-06140,53216-33150
53292-60150,53292-60180
53301-33191,53301-33201
53301-60540,53301-60541
53301-KK030,53301-KK031
53395-02050,53395-12050
53410-02060,53410-12550
53410-02600,53410-12680
53410-06160,53410-33180
53410-26040,53410-26041
53410-60060,53410-60200
53410-60110,53410-60150
53420-02600,53420-12670
53420-06170,53420-33180
53420-26040,53420-26041
53420-60050,53420-60190
53420-60090,53420-60140
53440-69085,53440-69145
53450-69025,53450-69026
53452-0K010,53452-90351
53510-06120,53510-33270
53510-48211,53510-48212
53510-60071,53510-60230
53735-35150,53735-35151
53736-35150,53736-35151
53736-60130,53736-60131
53736-60160,53781-60010
53801-06140,53801-33180
53805-60040,53805-60041
53806-60070,53806-60071
53807-60200,53807-60201
53808-60150,53808-60151
53812-KK030,53812-KK050
53826-06050,53826-33020
53826-06080,53826-33040
53866-60081,53866-60090
53875-02541,53875-02630
53875-06130,53875-33190
53875-0D561,53875-0D662
53876-02420,53876-12520
53876-02571,53876-02680
53876-06130,53876-33190
53879-0K010,53879-58010
55680-60030,55680-60040
55709-02340,55709-12110
55905-0K101,55905-0K340
56101-0K030,56101-0K043
56101-0K361,56101-0K480
56101-60903,56101-6A969
56101-60943,56101-6A946
56101-60950,56101-6A970
56114-60020,56114-60021
56117-02190,56117-50140
56117-12240,56117-47010
56117-52100,56117-64010
57104-06041,57104-33052
57104-42070,57104-78010
58307-06130,58307-06120
58307-42041,58307-42070
58313-06140,58313-33050
60117-42030,60117-42031
60118-42030,60118-42031
60161-60870,60161-60871
61602-06190,61602-33200
61621-06909,61697-06902
61622-06909,61698-06902
62940-12160,62940-12162
64503-02080,64503-12170
64607-06130,64607-33130
64610-02050,64610-12350
65061-60370,65061-60371
65637-06040,65637-33030
65638-06040,65638-33030
65638-06071,65638-33050
66102-0C020,66102-0C021
67001-60710,67001-60711
67002-06250,67002-06330
67002-33200,67002-33201
67002-60710,67002-60711
67005-35470,67005-35471
67861-0K120,67861-0K121
67862-0K120,67862-0K121
68102-0K111,68102-0K115
68164-35040,68164-35041
68350-26080,68350-26081
68610-0K090,68610-0K091
68610-60121,68610-60140
68610-60131,68610-60132
68620-06071,68620-33070
68620-0C022,68620-0C023
68620-60111,68620-60112
68640-60111,68640-60112
68650-0W012,68650-0W013
68710-02020,68710-12151
68730-02100,68730-12120
68740-06060,68740-12120
68750-20121,68750-20122
68780-06010,68780-0D030
68801-42050,68801-42051
68801-60051,68801-60052
68810-26010,68810-26011
68810-28040,68810-28041
68820-26010,68820-26011
68920-49079,68920-49135
69005-35560,69005-35570
69041-60010,69041-60011
69057-60250,69057-60330
69090-0C090,69090-0C091
69202-06050,69202-28010
69210-02200-A1,69210-02906
69210-06040,69210-33070
69211-02929,69215-02020
69211-06910,69211-52901
69217-06020,69217-33020
69217-06070,69217-58010
69217-06910,69217-52901
69330-26050,69330-26051
69350-26121,69350-26122
69350-60140,69350-60141
69380-60060,69380-60061
69390-60050,69390-60051
69390-60060,69390-60061
69418-26010,69418-26011
69470-60021,69470-60022
75071-06040-C0,75731-06916
75072-06040-A0,75732-06916
75076-06060-A0,75742-06914
75076-35161,75076-35162
75301-02050,75301-12380
75311-06080,75311-33130
75311-06110,75311-33150
75311-60170,90975-02076
75374-47061,75374-47062
75392-0K010,75392-35220
75396-42020,75397-42010
75431-02090,90975-02071
75431-42030,75431-42150
75441-12A00,75446-52040
75446-52020,75441-12760
75531-02180,75531-12690
75531-06140,75531-33090
75531-06170,75531-33140
75531-60070,75531-60080
75533-60080,75533-60100
75561-42030,75561-60031
75573-06090,75573-33070
75710-06140,75710-33140
75710-60050,75710-60051
75711-60071,75711-60072
75712-60071,75712-60072
75720-06140,75720-33140
75720-60050,75720-60051
75720-60060,75720-60061
75721-60071,75721-60072
75722-60071,75722-60072
75730-60030,75730-60031
75740-06120,75740-33140
75740-60030,75740-60031
75754-06090,75754-33080
75764-06100,75764-33100
75770-60030,75770-60031
75770-60051,75770-60052
75861-06020,75861-33011
76625-0C080,76625-0C081
76625-60260-C0,76625-60330
76626-60260-A1,76626-60330
77001-60551,77001-60552
77001-60740,77001-60781
77010-0K200,77010-0K201
77020-0K390,77020-0K391
77024-02270,77024-02271
77024-06160,77024-33090
77024-06280,77024-33180
77024-12081,77024-12320
77024-33330,77024-33510
77024-50020,77024-50021
77024-60320,77024-60440
77300-0K010,77300-12020
77300-35040,77300-47010
77300-50010,77300-53010
77785-60020,77785-60021
78110-33110,78110-33111
78110-33140,78110-33141
78110-60021,78110-60170
78110-60060,78110-60061
78120-0K010,78120-0K011
81110-02R80,81145-02R80
81110-28362,81130-28362
81130-0K540,81130-0K541
81130-0K661,81130-0K662
81145-33D80,81145-33D81
81145-42841,81145-42842
81150-02R80,81185-02R80
81170-0K540,81170-0K541
81170-0K661,81170-0K662
81185-33D70,81185-33D71
81185-42841,81185-42842
81210-48050,81210-48051
81211-60111,81211-60112
81221-60031,81221-60032
81271-60330,81271-60332
81456-60030,81456-60031
81457-60020,81457-60021
81482-02230,81482-12130
81520-60350,81521-60350
81550-02750,81550-02751
81550-0K260,81550-0K261
81550-60560,81551-60560
81551-0K260,81551-0K261
81551-0K431,81551-0K690
81551-26201,81551-26202
81551-26442,81551-26443
81551-33590,81550-33592
81551-33610,81551-33611
81551-42201,81551-42202
81551-60890,81551-60891
81551-60B50,81551-60B51
81551-78020,81551-78021
81560-0K260,81560-0K261
81560-60331,81561-90K09
81560-60480,81561-60480
81560-60600,81561-60600
81561-0K260,81561-0K261
81561-0K270,81561-0K271
81561-0K451,81561-0K700
81561-26200,81561-26201
81561-26442,81561-26443
81561-42201,81561-42202
81561-47151,81561-47153
81561-60830,81561-60831
81561-60B10,81561-60B11
81561-60B30,81561-60B32
81561-78020,81561-78021
81561-F4010,81561-F4011
81570-26190,81570-26230
81570-60061,81570-60062
81580-42031,81580-42032
81590-42031,81590-42032
81591-78020,81591-78021
81610-60231,81611-60231
81730-05040,81730-05041
81730-0D030,81730-0D032
81730-20221,81731-02022
81731-20191,81731-20192
81731-20220,81731-20221
81910-0E040,81910-0E041
81910-0K030,81910-48012
81920-0E020,81920-0E021
81920-48010,81920-48012
83320-0K180,83320-0K181
83320-35530,83320-35590
83320-60520,83320-60620
83320-69475,83320-69565
83520-35031,83520-35032
83520-60050,83520-60051
84210-12040,84210-52050
84231-12080,84231-32040
84306-06110,84306-48030
84306-07040,84306-60080
84306-0K010,84306-0K021
84340-09010,84340-69015
84340-19025,84340-19026
84461-60081,84461-60082
84461-60101,84461-60102
84652-12A00,84652-12A01
84751-35090,84751-60110
84751-35100,84751-60120
84751-42040,84751-42041
84840-60021,84840-60023
85150-42150,85150-42151
85150-60320,85150-60321
85212-06090,85212-53081
85212-0C021,85212-0C030
85212-AC010,85212-AC011
85214-06110,85214-30380
85214-06120,85214-53090
85214-06150,85214-33180
85214-06210,85214-52110
85221-06090,85221-33260
85222-06140,85222-33270
85222-0C021,85222-0C030
85222-22780,85222-46011
85222-30441,85222-30500
85222-33240,85222-33241
85222-48130,85222-60260
85292-0F010,85292-13010
85301-60090,85301-60091
85315-06240,85315-33440
85315-53130,85315-53210
85330-0K011,85330-0K012
85353-60050-C0,85353-60900
85353-60060-C1,85353-60901
85354-60050-C0,85354-60900
85354-60060-C1,85354-60901
85355-60330,85355-60331
86510-06120,86510-48070
86520-06110,86520-47010
86520-60171,86520-60172
87103-02380,87103-42090
87103-06081,87103-48080
87103-0c050,87103-0C051
87103-0K390,87103-0K391
87103-0K440,87103-0K441
87139-02210,87139-58010
87139-06080,87139-26010
87139-07010,87139-30040
87139-0E040,87139-48050
87139-0K040,87139-0K070
87139-50060,87139-50100
87909-06440,87909-06441
87910-02921,87910-02M80
87940-26561,87940-26562
87940-60B80,87940-60B81
87940-60E10,87940-60M40
88310-06441,88310-42334
88310-2F080,88310-V3050
88410-50100,88410-60410
88440-0K380,88440-0K381
88460-06190,88460-33100
88460-06240,88460-33140
88501-06250,88501-48281
88501-60300,88501-35151
88501-60391,88501-60392
88501-60411,88501-60412
88515-12090,88515-28160
88590-60110,88590-60111
89070-60792,89070-60793
89341-42010,89341-42011
89407-48060,89407-48061
89413-32010,89413-32011
89465-02210,89465-12840
89465-07080,89465-33420
89615-06010,89615-20090
89745-45010,89745-50020
89751-13011,89751-13012
89783-42042,89783-42044
89783-48053,89783-48054
89786-08040,89786-60220
89904-60540,89904-60542
89904-60791,89904-60792
89904-60N40,89904-60N41
8990H-60530,8990H-60531
89990-60033,89990-60380
90038-32014,SZ910-45322
90043-63253,90043-63361
90044-68320,90044-68378
9004A-36091,90043-63369
90068-10024,90099-10220
90068-10033,90099-10223
90069-08007,90099-14120
90069-08009,90099-14121
90069-08011,90099-14119
90080-11470,90119-16015
90080-31035,90311-38034
90080-31053,90311-92008
90080-31060,90311-38059
90080-31061,90913-02101
90080-31062,90913-02111
90080-31083,90311-38089
90080-36064,90368-49084
90080-36067,90368-45087
90080-43026,90917-06073
90080-43036,90917-06065
90080-43037,90430-12031
90080-81041,90981-13046
90080-82052,90982-09022
90080-91088,99364-20880
90080-91161,90919-01164
90099-10198,90099-10229
90101-10166,90101-10204
90101-10172,91112-61045
90105-12184,90105-12384
90105-16086,90105-16099
90109-T0005,90901-05020
90119-10769,91651-61025
90126-12005,90126-12010
90170-12018,90179-12047
90178-T0034,90179-14019
90304-83001,90304-83002
90311-25011,90311-25028
90311-25021,90311-25032
90311-34012,90311-34023
90311-34013,90311-34026
90311-34030,90311-34044
90311-34034,90311-34042
90311-34046,90311-34050
90311-34051,90311-34057
90311-35022,90311-35040
90311-35051,90311-35065
90311-35054,90311-35068
90311-35055,90311-35069
90311-35066,90311-35075
90311-37004,90311-37007
90311-40026,90311-40041
90311-40029,90311-40038
90311-40035,90311-40048
90311-42003,90311-42026
90311-42037,90311-42045
90311-42043,90311-42051
90311-42047,90311-42062
90311-43005,90311-43015
90311-47010,90311-47013
90311-47020,90311-47027
90311-47037,90311-47038
90311-48002,90311-48022
90311-48003,90311-48010
90311-48018,90311-48025
90311-48019,90311-48024
90311-50011,90311-50029
90311-50017,90311-50051
90311-50035,90311-50047
90311-50037,90311-50052
90311-50040,90311-50065
90311-50045,90311-50064
90311-50053,90311-50063
90311-51008,90311-51010
90311-62004,90311-62006
90311-73004,90311-73005
90311-75019,90311-75022
90311-76001,90311-76003
90311-88005,90311-88006
90311-89007,90311-89010
90311-89013,90311-89015
90311-92006,90311-92010
90311-92011,90311-92012
90311-95012,90311-95013
90311-T0010,90311-T0090
90311-T0018,90311-T0080
90311-T0020,90311-T0050
90311-T0032,90311-T0100
90311-T0051,90311-T0095
90311-T0059,90311-T0098
90311-T0083,90311-T0101
90311-T0084,90311-T0102
90341-10006,90341-10011
90341-12026,90341-12012
90363-12002,90363-12024
90363-35039,90363-35078
90363-36001,90363-36004
90363-40050,90363-40092
90363-40079,90369-40009
90363-50007,90363-50012
90363-T0033,90363-T0050
90364-39005,90364-39016
90364-47003,90364-47014
90366-17001,90366-17007
90366-17010,90368-17017
90366-50054,90366-50177
90369-T0006,90903-63014
90374-62006,90374-62009
90385-T0002,90385-T0010
90430-12026,90430-T0003
90430-22011,90430-T0009
90430-24003,90430-24017
90467-06190,90467-06202
90520-31001,90520-31007
90913-02092,90913-02128
90913-02110,90913-02116
90915-20003,90915-20005
90915-YZZB2,90915-YZZD2
90915-YZZB6,90915-YZZD4
90916-02256,99365-91110
90916-02401,99366-31040
90916-02419,90916-02451
90916-02551,99366-H1810
90916-02556,90916-02705
90916-02571,99367-H2120
90916-02575,90916-02711
90916-02636,90916-02707
90916-02640,90916-02708
90916-02680,90916-02759
90916-03036,90916-03078
90916-03098,90916-03119
90916-03134,90916-03150
90916-A2010,99367-C2090
90916-T2019,90916-T2024
90916-T2039,90916-T2046
90916-T2040,90916-T2047
90917-06004,90917-06039
90919-01059,90919-01064
90919-01168,90919-01217
90919-01178,90919-01210
90919-01180,90919-01231
90919-01235,90919-01236
90919-01253,90919-01275
90919-02227,90919-02275
90919-02239,90919-02262
90919-02244,90919-02266
90919-02248,90919-02260
90919-02249,90919-02259
90919-02255,90919-02256
90919-05045,90919-05087
90919-15317,90919-15570
90919-15456,90919-15568
90919-15457,90919-15569
90919-21397,90919-29045
90919-22211,90919-22417
90919-22327,90919-22419
90919-T2002,90919-T2006
90923-05016,90923-06010
90942-02070,90942-02049
90942-02077,90942-02083
90947-02G15,90947-02H00
90947-02G16,90947-02H01
90975-02189,90975-T2005
90981-04003,90981-04004
90981-11048,90981-13044
90981-13100,90981-13058
96411-43000,96411-63000
96411-45000,96411-65000
96721-24014,96743-24014
99332-00910,99332-60910
99364-21110,99364-31110
99364-30880,99364-90880
99366-D2230,99366-H2230
99367-C0810,99367-K0810
99367-C1550,99367-K1550
G9020-47030,G9020-47031
S1170-11611,S1170-12420
S1320-11940,13041-E0690
SU003-00141,SU003-06781
SU003-04733,SU003-10733
04111-0C080,04111-0C088
04111-0P242,04111-0P203
04111-17180,04111-17110
04111-28200,04111-28133
04111-28765,04111-28766
04111-31872,04111-31853
04111-37520,04111-30521
04111-43040,04111-43032
04111-43050,04111-43051
04111-46031,04111-46033
04111-54830,04111-54470
04111-60010,04111-60011
04111-7C381,04111-7C383
04111-7C481,04111-7C484
04111-B1033,04111-B1037
04111-E0D72,04111-E0D74
04112-0L091,04112-0L092
04112-21045,04112-21361
04112-66035,04111-66036
04112-75873,04112-75874
04313-22020,04313-12030
04351-33590,04351-33591
04351-42170,04351-42171
04362-60610,04362-60611
04362-60780,04362-60781
04362-60810,04362-60811
04371-0C010,04371-04020
04371-0C094,04371-0C084
04371-0K080,04371-04030
04371-37110,04371-37120
04371-60200,04371-60221
04427-07092,04427-0E160
04427-0K070,04427-0K072
04427-12632,04427-12633
04427-52891,04438-12502
04428-0W030,04428-0E060
04428-25020,04427-25021
04428-35010,04428-35012
04428-48090,04428-48091
04429-40021,04429-40022
04434-60130,04434-60131
04438-06590,04438-06400
04438-12303,04438-12305
04438-21061,04438-21062
04438-33012,04438-33013
04438-33070,04438-33071
04438-35012,04438-25010
04438-35040,04438-35041
04438-42160,04438-42162
04438-60021,04427-60121
04438-60030,04427-60141
04446-60310,04446-60311
04465-0K120,04465-0K110
04465-50190,04465-0W060
04465-B4040,04465-B4071
04465-YZZQ7,04465-YZZE1
04478-06210,04478-33140
04479-04030,04478-0K150
04479-20300,04479-20330
04479-26061,04478-26030
04491-B1051,04491-B1058
04906-37051,04906-37052
04906-37210,04906-37212
04947-50090,04947-22070
08885-81006,08885-81936
08886-81005,08886-00305
08886-81006,08886-00306
09111-0K081,09111-0K082
09111-89103,09110-35171
09116-35080,09116-60020
09120-60160,09120-60161
11011-31071,11401-80858
11011-75021,11011-75020
11101-75151,11101-75152
11101-75201,11101-75172
11102-39235,11102-39236
11115-74080,11115-74081
11115-E0030,11115-78100
11136-31100,11136-31110
11213-78010,S1121-31550
11213-78070,11213-78071
11259-31011,11259-31900
11310-0E010,11310-11031
11310-47013,11310-47014
11400-21150,11400-21470
11400-75551,11400-75381
11401-75122,11401-75230
11410-79025,11410-79026
12305-37160,12305-37161
12361-31300,12361-31301
12362-31112,12362-31113
12363-0T090,12363-0T091
12372-0Y191,12372-0Y192
13011-11210,13011-11212
13011-78180,S1304-E0060
13011-97401,13011-97404
13201-30021,13201-30051
13207-58032,13207-58050
13401-75041,13401-75021
13407-50040,13407-50020
13407-50091,13407-50090
13408-0C040,13408-0C030
13501-30040,13501-30030
13502-30030,13502-30020
13502-30060,13502-30050
13506-37070,13506-0T130
13508-11010,13508-11011
13511-17040,13511-17041
13519-0E010,13519-11010
13520-BZ030,13520-B1020
13521-75021,13521-0C011
13552-0E010,13552-11010
13560-11010,13560-11011
13561-75060,13561-0C040
13568-79045,13568-79305
13591-0Y010,13591-47040
13711-BZ060,13711-B1020
13715-BZ060,13715-B1020
13716-0C020,13716-0C030
13750-0R020,13750-0R010
13751-22360,13751-21340
15104-75210,15104-75211
15104-75220,15104-75221
15330-28020,15330-28010
15330-BZ020,15330-BZ021
15600-25010,90915-20005
15601-44011,90915-40002
15601-BZ010,15601-B2030
15613-89105,S1560-72210
16031-BZ021,16031-0Y030
16100-69145,16100-69146
16100-69445,16100-69455
16100-80010,16100-80020
16100-B9010,16100-B9011
16100-E0151,16100-E0152
161A0-39015,161A0-29015
16264-28020,16264-28060
16271-0E010,16271-11010
16321-0E010,16321-11050
16346-67010,16346-30010
16361-0P270,16361-36050
16363-31460,16363-31461
16363-46170,16363-31450
16371-0C010,16371-75040
16400-0C210,16400-0C190
16400-0C282,16400-0C283
16400-0C382,16400-0C383
16400-0T370,16400-0T371
16400-16150,16400-11180
16400-17251,16400-17252
16400-75453,16400-75454
16401-46610,16401-30020
16401-5B680,16401-31822
16401-62100,16401-36020
16401-6A140,16401-17010
16401-75440,16401-31650
16401-8Y001,16401-36030
16405-0C030,16405-0C020
16405-17030,16405-17031
16470-0C120,16470-0C110
16470-0H040,16470-03062
16475-51010,16475-28140
16562-0T070,16562-0T060
16563-0T070,16563-0T060
16571-0C090,16571-0C080
16571-0F030,16571-0F031
16572-0C080,16572-0C070
16572-0F010,16572-0F011
16603-0C031,16603-0C032
16603-B1010,16603-B1011
16620-22012,16620-0W093
16620-28030,16620-28031
16620-47030,16620-47031
16671-25010,16260-25010
16711-0C190,16711-0C180
17201-30010,17201-30011
17201-30080,17201-0L100
17201-30110,17201-0L042
17201-30120,17201-0L030
17342-30070,17342-30071
17410-36190,17410-36191
17430-31G60,17430-31G61
17430-70840,17430-70841
17700-0H132,17700-0H111
17700-25080,17700-25081
17700-75551,17700-75552
17701-0V040,17700-36230
17801-0S020,17801-0P100
17801-0Y070,17801-0Y040
17801-34070,17801-34060
17801-37021,17801-AZA04
17801-AD010,17801-31120
17880-0C090,17880-0C091
17881-0C110,17881-0C111
17881-0E020,17881-0E021
19000-61180,19000-61181
19070-BZ060,19070-BZ031
23207-46010,23207-20011
23209-39075,23209-39015
23220-28210,23220-28400
23221-16390,23221-16440
23221-31340,23220-31340
23221-46140,23221-46120
23260-73070,23260-73071
23300-26060,23300-06010
23300-78190,S2330-01912
23380-64480,23380-64481
23390-64450,23390-33030
23620-78020,S2365-01620
23810-0E010,23810-0E011
25680-51010,25680-51011
27060-28180,27060-28110
27060-31041,27060-31042
28011-70020,28011-0T070
28100-0T110,28100-37021
28100-66020,28100-66030
28140-64040,28140-0L030
28300-28010,28300-21020
28520-17300,28520-17310
28800-0C210,28800-0C211
28800-25010,28800-25011
28800-25030,28800-25031
29300-25011,29300-25012
31210-26122,31210-0K101
31210-36301,31210-35291
31210-60071,31210-36330
31210-60101,31210-36350
31230-71070,31230-71071
31230-BZ060,31230-B4010
31237-60010,31237-0K010
31250-0D240,31250-0D241
31250-0K410,31250-0K411
31250-12460,31250-52110
31250-12600,31250-12601
31250-20280,31250-12570
31250-36431,31250-36434
31250-36571,31250-36572
31250-37220,31250-37221
31250-60370,31250-35452
31250-YD010,31250-35222
31420-26210,31420-26211
31478-50020,31478-06010
31490-60190,31490-60191
32943-48150,32943-48151
33018-0K070,33018-0K071
33030-60B91,33030-60B92
33034-0K090,33034-0K140
33037-60040,33037-35030
33131-60080,33131-60081
33214-0K010,33214-35040
33346-71010,33346-0K020
33384-60091,33384-26010
33421-71010,33421-26110
33506-35110,33506-0K011
33506-60060,33506-60061
33530-0K023,33530-0K024
33530-0K142,33530-0K144
33530-60460,33530-60461
33820-26324,33820-V3030
35178-50010,35178-30010
35330-20020,35330-0W021
35330-60100,35106-60H20
35330-K0020,35330-12070
35730-73010,35730-33030
37100-0C154,37100-0C155
37315-36020,37315-60090
41110-42053,41110-42054
41110-60C00,41110-60C01
41201-69396,41201-80472
41201-80493,90366-40111
41311-60060,41311-60061
41320-26030,41320-26070
41654-50031,41654-50033
42110-0K390,42110-0K391
42110-60B70,42110-60B71
42305-30090,42305-30110
42421-0K020,42421-34010
42431-50080,42431-50070
42450-05080,42450-05081
42450-76020,42450-76021
42450-F4010,42450-02270
42601-60591,42601-60592
42607-30100,42607-30060
42607-35010,42607-33012
42607-50012,42607-30042
42611-48751,42611-48752
42611-60810,42611-60790
4261A-60061,4261A-60062
43030-09030,43030-09031
43324-39035,43324-39015
43330-39485,43330-39486
43410-12820,43410-12821
43410-42150,43410-42151
43420-06690,43420-06750
43420-06710,43420-06740
43420-42160,43420-42161
43430-0C020,43430-0C040
43460-09Y61,43460-09Y63
43460-39276,43460-39277
43460-69025,43460-69026
43460-69145,43460-69146
43460-69177,43460-69178
43470-39366,43470-39367
43502-YC010,43502-33030
43502-YC020,43502-32070
43512-33043,43512-33042
44200-0K220,44200-0K760
44200-0K480,44200-0KA00
44200-26552,44200-V3040
44200-60022,44250-60022
44200-60210,44200-60203
44250-0C100,44250-0C160
44250-0K650,44250-0K653
44250-0K682,44250-0K683
44250-0K720,44250-0K721
44250-0K732,44250-0K733
44250-0K740,44250-0K743
44250-33340,44250-33321
44310-60541,44310-60542
44320-33121,44320-33111
44410-26A00,44410-26A01
44410-26A41,44410-26A40
44410-26A91,44410-26A90
44412-22360,44412-22361
44412-8Y008,44406-06200
45025-60211,45025-60212
4520A-06031,4520A-06033
45210-60060,45210-60061
45220-60290,45220-60310
45250-06B40,45250-0C350
45535-BZ070,45535-BZ130
46420-26650,46420-26630
47050-60640,47050-60641
47050-60712,47050-60713
47050-60820,47050-60821
47050-60830,47050-60831
47201-0K260,47201-0K700
47201-33552,47201-33553
47201-BZ780,47201-BZ781
47230-58010,47230-11010
47314-60290,47314-60291
47315-60610,47315-60611
47510-36170,47510-36171
47510-37081,47510-37140
47520-36180,47520-36181
47520-37101,47520-37140
47530-36170,47530-36171
47530-37081,47530-37140
47540-37101,47540-37140
47550-37120,47550-37121
47560-36200,47560-36201
47560-37041,47560-37042
47560-37072,47560-37073
47560-37082,47560-37083
47570-37072,47570-37073
47570-37080,47570-37081
47570-37101,47570-37102
47580-36200,47580-36201
47580-37031,47580-37032
47580-37072,47580-37073
47715-8Y003,47715-33340
47731-21010,47731-20200
47731-30170,47731-30140
47731-44010,47731-33010
47731-48020,47731-30120
47743-8Y001,47743-33340
47769-8Y001,47769-50010
47771-8Y001,47771-53060
47775-52010,47775-02130
47775-8Y001,47775-52190
48020-50340,48020-50341
48068-09223,48068-09340
48131-06B10,48131-06A20
48157-06090,48157-06050
48210-26F40,48210-26F41
48231-06440,48231-06420
48231-06480,48231-06430
48231-33710,48231-33711
48231-BZ610,48231-BZ830
48258-06070,48258-06030
48306-0K020,48306-0K010
48331-42030,48331-28090
48482-B1040,48482-B1041
48500-29685,48500-29725
48510-09570,48510-09A70
48510-09P51,48510-09P50
48510-09R20,48510-09897
48510-09R70,48510-8Z098
48510-09V61,48510-8Z229
48510-39086,48510-39056
48510-49245,48510-49167
48510-49575,48510-49885
48510-69415,48510-60121
48510-74031,48510-74032
48510-74080,48510-74081
48510-80533,48510-69675
48510-80559,48510-80560
48510-80751,48510-80416
48510-80B68,48510-80B69
48511-69625,48511-69585
48511-80087,48511-80085
48511-80105,48511-80168
48511-80110,48511-80172
48511-89215,48511-80182
48520-09J01,48520-09J00
48520-09N61,48520-8Z094
48520-49355,48520-49167
48520-74030,48520-74032
48520-74061,48520-74062
48520-80429,48520-59505
48520-A9450,48520-A9470
48530-09Q91,48530-8Z021
48530-68060,48530-68100
48530-80102,48530-29865
48530-80324,48530-80554
48530-80351,48530-80345
48530-80364,48530-80370
48530-80443,48530-80440
48530-8Z048,48530-09895
48531-37201,48531-37202
48531-42131,48530-42030
48531-42220,48531-42221
48531-48081,48531-48082
48531-48282,91552-K1260
48531-69815,48531-69795
48531-80648,48531-80641
48531-80691,48531-80198
48531-80743,48531-80742
48540-09880,48540-A9896
48540-39775,48540-39795
48540-80005,48540-49516
48559-F4010,48559-F4011
48610-04020,48610-04021
48632-0K130,48632-0K010
48655-07020,48655-06060
48657-06030,48657-33020
48710-50080,48710-40080
48720-05020,48720-21020
48720-35010,48720-35020
48730-05060,48730-21110
48730-35010,48730-35020
48750-06270,48750-06250
48760-06240,48760-06220
48760-06270,48760-06250
48815-06180,48815-06140
48815-26100,48815-14140
48815-30080,48815-28080
48815-BZ290,48815-BZ291
51100-33170,51100-33130
51206-33061,51206-33100
51410-F4030,51410-F4100
51442-30180,51442-30181
51904-60100,51904-60102
52021-35130,52021-35190
52030-06030,52030-06010
52030-60080,52030-60900
52030-60100,52030-60101
52040-06030,52040-06010
52040-60070,52040-60900
52101-60210,52101-60230
52114-30090,52114-30901
52115-68030,52115-68031
52115-68040,52115-68041
52119-35916,52119-35919
52119-4A917,52119-4A951
52127-33130,52127-06450
52127-60060,52127-60061
52127-YC020,52127-33903
52128-33130,52128-06450
52128-60060,52128-60061
52159-33947,52159-33957
52161-11900,52161-11901
52162-11900,52162-11901
52213-06120,52213-06140
52217-06070,52217-06050
52217-06110,52217-06130
52217-0C120,52217-0C121
52562-06120,52562-06070
53100-05060-B0,53100-05903
53100-05080-B0,53100-05100
53101-60340,53101-60240
53101-60420,75311-60150
53101-60730,53101-60731
53101-YC160,53101-33150
53111-26370,53111-26371
53111-30870,53111-30904
53111-53120,53111-53900
53111-68070,53111-68904
53112-33420,53112-33580
53112-50100,53112-50900
53141-48050,53141-30510
53174-06040,53174-33020
53202-26050,53202-26060
53213-02240,53213-12220
53214-02240,53214-12180
53301-0E120,53301-0E110
53301-48130,53301-48140
53301-52261,53301-52251
53301-60541,85371-12040
53341-06180,53341-33120
53341-0K250,53341-0K251
53341-60400,53341-60401
53393-0K040,53393-0K041
53440-0C030,53440-0C050
53510-06210,53510-06200
53701-KK410,53701-KK740
53702-KK030,53702-KK310
53801-06150,53801-06130
53802-0E110,53802-0E100
53806-07021,53806-07022
53811-06150,53811-06140
53812-06160,53812-06150
53824-06070,53824-33030
53836-47010,53804-47020
53875-0D661,53875-0D662
53875-0K010,53805-0K100
53875-12360,53875-12310
53875-13060,53875-13050
53876-12350,53876-12300
53886-60030,53885-60030
55670-30280,55670-30370
55738-52050,55738-0D060
56101-30Q90,56101-3F905
56101-33913,56101-33989
56101-50780,56101-5A926
56101-60908,56101-60951
56101-60946,56101-6A945
56101-60967,56101-6A953
56101-6A900,56101-6A927
56101-6A957,56101-6A979
56117-12300,56101-12422
56117-60080,56117-74010
57104-30090,57104-30091
57616-06923,57616-33914
58307-KK010,58307-KK011
58314-06130,58314-33060
60118-12010,60118-02040
61132-02290,61132-12720
61624-60030,61624-60080
62180-47070,62180-47071
62710-60G50,62710-60G30
62940-47010,62940-12200
63201-60150,63201-60151
64461-07060,64461-07061
64606-06050,64606-33030
64801-0K090,64801-0K092
65061-60330,65061-60331
65061-60340,65061-60341
65061-60371,65061-60372
65061-60440,65061-60441
65637-06071,65637-33050
67001-06180,67001-33201
67001-06260,67001-06250
67001-0D290,67001-0D250
67003-60440,67003-60441
67004-0D420,67004-0D610
67004-60420,67004-60421
67004-60440,67004-60441
67005-26V00,67005-V3110
67005-26X20,67005-V3240
67005-35471,67005-35472
67005-78110,67005-78010
67862-06100,67862-33090
67871-26060,67871-V3020
67872-26060,67872-V3020
68101-0k110,68101-0K115
68101-0K271,68101-0K272
68102-0K271,68102-0K272
68102-26082,68102-26084
68104-0K041,68104-0K043
68105-60320,68105-60310
68151-35091,68151-35092
68230-0D430,68230-0D431
68630-60140,68640-60120
68650-0W013,68650-09010
68650-0W050,68650-09040
68710-50061,68710-50062
68720-50061,68720-50062
68770-50051,68770-50052
68780-50061,68780-50062
68810-26011,68810-26030
68820-26011,68820-26030
68910-09022,68910-09023
68910-09051,68910-09053
68950-0W490,68950-0WG10
68960-0W860,68960-0W861
69005-6C252,69005-6C242
69190-60010,69190-60012
69201-60110,69201-60111
69202-60050,69202-60051
69211-YC080,69210-33070
69217-YC050,69217-33020
69220-02130-A2,69220-02907
69350-90K02,69350-60180
69419-26020,69419-26021
69515-47030,69515-16110
69515-AC020,69515-52120
69630-26222,69630-26224
69801-60110,69801-60111
69802-YC030,69802-33060
69820-0K030,69820-0K031
72702-60070,90119-10A29
75071-06040-E0,75731-06916
75072-06040-C0,75732-06916
75075-06060-A0,75741-06914
75076-06060-C0,75742-06914
75310-47010,75310-06090
75311-YC050,75311-33100
75374-47020,75374-47903
75442-12A11,75442-12A01
75444-YC120,75443-33400
75446-52030,75441-12760
75473-60070,75441-60520
75553-60070,75553-60071
75554-60070,75554-60071
75561-YC020,75561-33030
75753-06060,75753-33060
75763-06070,75763-33080
75770-60060,75770-60063
76622-YC060-A0,76622-YC050
76801-33720,76801-33721
76801-60350,76801-60351
77024-12050,77024-12030
77024-30121,77131-30063
77024-8Y002,77024-33060
77103-F4020,77103-F4070
77310-16011,77310-12140
78110-12100,78110-12101
78180-60210,78180-60310
81110-0KK90,81110-0KN70
81110-37430,81110-37B31
81110-90K01,81110-60P90
81130-0D840,81130-0D841
81130-33880,81130-33881
81145-11030,81145-11031
81145-33E10,81145-33E11
81150-0K690,81150-0K692
81150-0KK90,81150-0KN70
81150-0KU40,81150-0KP02
81150-42190,81170-42190
81170-0KD00,81170-0KD01
81185-11030,81185-11031
81210-0K130,81210-0D110
81220-0K130,81220-0D110
81550-60580,81551-60580
81551-33591,81550-33592
81551-60550,81551-60A31
81561-33591,81560-33592
81561-33610,81561-33611
81561-60470,81561-60871
81581-33290,81581-33291
81581-60370,81581-60371
81591-33290,81591-33291
81591-60370,81591-60371
81740-47010,81740-06090
81910-60120,81910-60121
81920-60060,81920-60061
83119-8Y004,83119-97206
83800-0K171,83800-0K191
84210-BZ080,84210-BZ110
84230-12120,84231-22060
84306-52010,84306-52011
84306-60130,84306-48030
84307-0K120,84307-0K121
84307-60140,84307-60141
84308-0K020,84308-0D010
84308-60020,84308-53011
84490-33020,84490-33021
84751-60240,84751-60171
84751-60250,84751-60251
84810-YC010,84810-12080
84820-0K330,84820-0K331
84820-60200,84820-60201
85110-95J16,85110-26080
85150-26160,85150-V3040
85150-53060,85150-53061
85212-60120,85212-17101
85214-28070,85214-28040
85214-50130,85214-50061
85214-53050,85214-24051
85214-68020,85214-52110
85292-YC010,85292-13010
85310-06170,85310-33320
85315-12600,85315-02411
85316-0D300,85316-0D301
85319-AA020,85319-33230
85321-28020,85321-0A010
85353-60050-C1,85353-60900
85354-60050-C1,85354-60900
85375-20800,85376-06120
85386-60030,85316-42011
85386-60061,85386-60062
85397-AA040,85397-52100
85710-72011,85710-47110
86110-53400,86110-53401
86120-02K52,86120-02K51
86120-16530,86120-60N00
86271-48332,86271-48333
86510-AA010,86510-48050
86520-30601,86520-30602
87050-50173,87050-50174
87103-0K500,87103-0K501
87130-60630,87130-60631
87910-42F00,87910-42M00
87910-60B80,87910-60B81
87910-60N61,87910-60N62
87910-60W10,87910-60W11
87910-60W30,87910-60W31
87931-60F80,87931-60B30
87940-0C311-A0,87940-0C913
87940-42E70,87940-42L90
87940-60B10,87940-60B11
87940-60N61,87940-60N62
87940-60W10,87940-60W11
87940-60W30,87940-60W31
87961-33E50,87961-33E51
88162-0W340,88162-53031
88310-02741,88310-68032
88310-1A841,88310-02A02
88310-2F030,88310-V3040
88370-33040,88370-33051
88440-35040,88440-35020
88454-60110,88454-60111
88460-60420,884A0-60010
88474-YC020,88474-17010
88501-48311,88501-48281
88501-60430,88501-35151
88548-0K090,88548-0K091
88650-48471,88650-48660
89070-33882,89072-33471
89072-48380,04873-48010
89257-12010,89257-K0010
89429-60040,89429-60041
89465-0r010,89465-0R080
89543-02060,89543-02061
89661-60N00,89661-60W40
89751-13012,89751-13013
89751-52140,89751-0K080
89783-48054,89783-48055
8983A-33010,8983A-33011
89904-30323,89904-30324
89904-60794,89904-60795
8990H-60460,8990H-60461
89952-35011,89952-35020
89990-07040,89990-07041
89990-48101,89990-48105
89990-60221,89990-60226
89994-53021,89904-53373
90043-63361,43560-B1020
9004A-36094,9004A-36091
9004A-91032,90048-51197
90075-8Y004,90075-60026
90099-52065,90099-52034
90105-10039,52217-60100
90105-T0084,90105-11044
90105-T0095,90105-10388
90117-T0002,90117-14025
90119-T0353,90119-T0596
90126-A0011,90126-10033
90170-12044,90170-12021
90178-T0024,90178-11001
90201-T0003,90201-11013
90301-42006,11497-21010
90301-T0020,90301-19021
90304-A0002,90304-94001
90311-17004,90311-17008
90311-25014,90311-25008
90311-35060,90311-35070
90311-38040,90311-38032
90311-47007,90311-47009
90311-52059,90310-52001
90311-54001,90311-52021
90311-A0005,90311-42036
90311-T0013,90311-41009
90311-T0016,90311-47013
90311-T0026,90311-T0098
90311-T0027,90311-32012
90311-T0028,90311-43007
90311-T0053,90311-38098
90311-T0057,90311-T0094
90311-T0061,90311-T0100
90311-T0076,90311-36007
90311-T0088,90311-T0106
90311-T0101,90311-47035
90313-T0001,90313-54001
90341-18066,90341-18032
90341-T0004,90341-12012
90341-T0010,90341-22002
90363-18012,90363-18005
90363-36004,90363-36010
90363-T0018,90363-40066
90363-T0022,90363-35078
90366-T0008,90366-T0007
90366-T0013,90366-30067
90366-T0016,90366-35087
90366-T0031,90366-53001
90374-64002,90374-62008
90430-T0017,90430-06013
90460-22002,90460-22001
90467-08011-TH,90467-08011
90467-T0014,90467-09050
90468-08044,90468-08035
90480-T0006,90480-15034
90520-22016,90520-T0127
90562-40002,90560-40008
90564-12001,90564-12013
90910-A2006,90910-02162
90915-40001,90915-20003
90915-YZZJ3,90915-YZZD2
90916-02267,99364-80830
90916-02536,90916-02534
90916-02566,90916-02560
90916-02658,90916-02637
90916-A2007,99366-J1940
90916-A2013,90916-02794
90916-T2014,90916-02598
90916-T2043,90916-02706
90916-W2014,90916-W2035
90917-06043,17451-52060
90919-01237,90919-01210
90919-01244,90919-01176
90919-05052,90919-05025
90919-05066,90919-05050
90919-21541,19590-19005
90919-T1004,90919-01236
90919-T2001,90919-T2008
90919-T2007,90919-02265
90923-06008,90923-06010
90947-02B72,90947-02B78
90947-T2044,90947-02G78
90948-T1002,90948-01061
90975-02159,90975-T2030
90975-T2006,90975-02061
90981-01046,81110-60P70
90981-01048,90981-01H21
90981-10001,90981-10H17
90981-13082,90981-13075
90981-22004,90981-13055
90981-WF006,90981-15020
90982-08283,90982082831
90982-09008,90982-09008-1
90982-09013,90982-09013-1
90987-02010,90987-02009
91551-G0840,91551-G0845
91611-61020,91612-B1020
96940-33605,90947-02492
99343-01065,99343-11065
99363-30850,90916-02711
S1146-71762,11462-E0170
S1320-11960,13041-E0690
SU003-00137,SU003-06777
SU003-00138,SU003-06778
SU003-00638,SU003-10629
SU003-00779,SU003-07497
SU003-00797,SU003-10879
SU003-01184,SU003-10341
SU003-04191,SU003-06352
SU003-04267,SU003-07183
SU003-06775,SU003-11034
SU003-07876,SU003-07921
11071-31011-02,11071-31050-02
11071-31031-02,11071-31060-B2
11071-31031-05,11071-31060-E5
11115-0E010-A0,11115-0E020-A0
11115-0L010-B0,11115-0L011-B0
11115-11110-A0,11115-11120-A0
11701-0C010-01,11701-0C011-01
11701-0Y030-02,11701-47012-02
11701-17010-02,11701-17011-02
11701-21020-02,11701-21032-02
11701-21031-01,11701-21032-01
11701-27011-02,11701-27013-02
11701-31050-01,11701-31080-01
11701-31061-05,11701-31100-E5
11701-31100-02,11701-31100-B2
11701-31100-03,11701-31100-C3
11701-37020-01,11701-37021-01
11701-37020-02,11701-37021-02
11701-50031-05,11701-50032-05
11701-54080-01,11701-54081-01
11701-54080-02,11701-54081-02
11701-56022-01,11701-58010-01
11701-56022-02,11701-58010-02
11701-66030-02,11701-66031-02
11701-75032-01,11701-75033-01
11701-75032-02,11701-75033-02
11701-75032-03,11701-75033-03
11711-28020-01,11711-28021-01
11711-28020-02,11711-28021-02
11721-28020-01,11721-28021-01
11721-28020-02,11721-28021-02
11911-28010-01,11911-28011-01
11911-28010-02,11911-28011-02
13041-0C050-05,13041-0C060-05
13041-0C052-04,13041-0C060-04
13041-0E010-02,13041-0E011-02
13041-0Y040-03,13041-47011-03
13041-11050-02,13041-11051-02
13041-21023-01,13041-21033-01
13041-31042-01,13041-31090-01
13041-31042-02,13041-31090-02
13041-31070-01,13041-31100-01
13041-31070-02,13041-31100-02
13041-40030-02,13041-40032-02
13041-50030-05,13041-50031-05
13041-51020-03,13041-51021-03
13041-54041-02,13041-54042-02
13041-58032-01,13041-58050-01
13041-58032-02,13041-58050-02
13041-66030-02,13041-66031-02
13041-75052-04,13041-75070-04
13041-75052-06,13041-75070-06
13101-0P053,13101-31092-A0
13101-11190-02,13101-11191-02
13101-30150-01,13101-30200-01
13101-30150-02,13101-30200-02
13101-30170-02,13101-30172-02
13101-31030-A0,13101-31030-B0
13101-31080,13101-31080-A0
13101-31120-A0,13101-31120-B0
13101-50080-03,13101-50082-03
13101-54060,13101-54060-02
13201-39066-B0,13201-39137-B0
13201-39135,13201-39137-A0
13201-39235-A0,13201-39235-B0
13201-51021,13201-51021-A0
13281-28010-02,13281-28011-02
13281-28010-03,13281-28011-03
13301-0W010,13301-0W011-A0
13301-31020-A0,13301-31020-B0
13301-31050,13301-31050-A0
53601-52010-C0,53601-52010-C1
55302-0K020-B0,55302-0K020-C0
55302-42906-C0,55302-42906-C3
55302-KK110-C0,55302-KK111-C0
55401-60400-C0,55401-60401-C0
55401-60922-E0,55401-60938-E0
55650-60090-E0,55650-60120-E0
55660-0K051-B0,55660-0K051-C0
58808-0K080-E0,58808-0K080-E1
63492-42040,63492-42040-B1
69005-6B553,69005-6B612-C0
69211-06904,69211-28070-C0
69217-06904,69217-28010-C0
69217-06905,69217-60020-C0
69277-33020-E0,69277-33020-B0
73220-60630-A2,73220-60632-A2
74310-60240-B0,74310-60241-B0
74320-28720-E0,74320-28721-E0
74320-60300-B0,74320-60301-B0
74645-60050-B0,74645-60051-B0
75503-35060-A0,75503-35061-A0
84250-60180-B0,84250-60181-B0
89341-12100-C0,89341-42060-C1
89341-12100-C1,89341-42060-C2
90915-30002,90915-30002-8T
99321-00870-8T,99331-10870-8T
99322-00910-8S,99322-00910-8T
99332-10865-8S,99332-10865-8T
99332-10910-8S,99332-10910-8T
99332-11260-83,99332-11260-8T
47275-12020,47275-12020-1
47643-47010,47643-47010-1
47644-47010,47644-47010-1
90080-94044,90080-94044-A
90101-10015,90101-10015-1
90982-09007,90982-09007-1
99132-12100,99132-12100-1
11071-50020-05,11071-50021-05
11115-11110-B0,11115-11120-B0
11115-11110-C0,11115-11120-C0
11115-11110-D0,11115-11120-D0
11115-11110-E0,11115-11120-E0
11701-0Y030-05,11701-47012-05
13041-0E010-04,13041-0E011-04
13041-0E020-02,13041-0E021-02
13041-0Y040-01,13041-47011-01
13041-11060-02,13041-11061-02
13041-11060-03,13041-11061-03
13041-17011-03,13041-47011-03
13041-67030-02,13041-30020-02
13101-0E010-02,13101-0E011-02
13101-0E050-02,13101-0E051-02
13101-0L080-02,13101-0L110-02
13101-11190-01,13101-11191-01
13101-68011,13101-68011-02
13301-31031-A0,13301-31031-B0
13301-50070-03,13301-50072-03
45286-06270-C0,45286-06260-C0
45286-0K010-B0,45286-0K010-C0
45287-0K010-B0,45287-0K010-C0
53101-33120-B0,53101-33120-C0
53101-33180-C0,53101-33270-C0
53813-37160-A0,53813-37220-A0
53814-37160-A0,53814-37220-A0
55301-60301-B0,55301-60720-B0
55301-60A40-B0,55301-60A41-B0
55301-60A40-E0,55301-60A41-E0
55302-02700-C0,55302-02701-C0
55404-60200-E1,55404-60201-E1
55413-60070-E0,55413-60070-B0
55506-33030-A0,55506-33030-E2
55660-60291-E0,55660-60292-E0
58905-0K010-A0,58905-0K010-E1
63310-6AB30-B0,63310-6AB31-B0
64401-1A840,64401-1A840-VP
67920-53060-C0,67920-53061-C0
69005-6B503,69005-6B493-C0
69205-06040-C1,69205-42030-B0
69205-06050-C0,69205-33090-B0
69205-30120-G0,69205-30120-C0
69205-YC020-F0,69205-30120-E1
69206-06050-C0,69206-33100-B0
69206-12200-B1,69206-0D070-C0
69210-30370-A2,69210-30371-A2
69210-30380-B4,69210-30381-B4
69211-52090-A1,69211-52090-A3
69277-YC020-F0,69277-33020-B0
69284-YC020-E0,69284-33020-C0
73173-60010-B0,73173-60011-B0
73210-47281-A4,73210-47282-A4
73210-47281-C7,73210-47282-C7
73220-12B20-E0,73220-12C71-E0
73220-47221-A4,73220-47222-A4
73220-47221-C7,73220-47222-C7
73220-60631-A2,73220-60632-A2
74130-33020-E0,74130-33020-C0
74348-YC020-B0,74348-12040-B0
74617-60060-A0,74617-60060-A2
75078-60042,75742-60202-A1
75867-30140,75852-33905-J1
76181-35050-B0,76181-35050-B2
76801-60570-A1,76801-60571-A1
76801-60570-C1,76801-60571-C1
76811-60101-B0,76811-60101-C0
81240-60060-E2,81240-12100-E0
81260-26020-B0,81260-26021-B0
81260-60050-A0,81260-60050-B0
85044-12120-B0,85044-12120-B2
85045-12080-B0,85045-12080-B2
87945-78010-C0,87945-48100-C0
89348-33060-E3,89348-33060-E1
90467-07049-P0,90467-07049-C0
90467-T0004-A0,90467-05164-A0
90981-13063,90981-13063-VP
99332-10890,99332-10890-8T
99364-20820,90916-02135-8T
99364-30860,99364-20860-8T
99367-00920-83,99367-20920-8T
